,nome_distrito,ano,mes_inicial,mes,dengue_diagnosis,dengue_diagnosis_previsto,precipitacao (mm)-1,temperatura (Â°C)-1,umidade ar (%)-1,t-1,t-2,t-3,densidade_demografica
0,CENTRO,2017,1,1,22,27,194.8,25.37,77.69,22,4,5,10646.12
1,CENTRO SUL,2017,1,1,10,4,194.8,25.37,77.69,10,6,2,3847.64
2,CRISTAL,2017,1,1,3,16,194.8,25.37,77.69,3,1,0,7056.38
3,CRUZEIRO,2017,1,1,4,1,194.8,25.37,77.69,4,0,1,9590.62
4,EIXO BALTAZAR,2017,1,1,2,1,194.8,25.37,77.69,2,2,2,8375.15
5,EXTREMO SUL,2017,1,1,4,0,194.8,25.37,77.69,4,6,2,300.6
6,GLORIA,2017,1,1,5,0,194.8,25.37,77.69,5,4,1,2324.68
7,HUMAITA NAVEGANTES,2017,1,1,4,13,194.8,25.37,77.69,4,2,0,2891.4
8,ILHAS,2017,1,1,1,0,194.8,25.37,77.69,1,0,0,188.46
9,LESTE,2017,1,1,8,6,194.8,25.37,77.69,8,5,3,7417.85
10,LOMBA DO PINHEIRO,2017,1,1,5,0,194.8,25.37,77.69,5,5,1,1230.31
11,NORDESTE,2017,1,1,5,4,194.8,25.37,77.69,5,3,0,5491.74
12,NOROESTE,2017,1,1,19,28,194.8,25.37,77.69,19,3,3,6310.17
13,NORTE,2017,1,1,10,8,194.8,25.37,77.69,10,4,1,3176.84
14,PARTENON,2017,1,1,10,4,194.8,25.37,77.69,10,8,3,8162.18
15,RESTINGA,2017,1,1,2,1,194.8,25.37,77.69,2,0,2,1574.92
16,SUL,2017,1,1,12,13,194.8,25.37,77.69,12,4,5,2802.29
0,CENTRO,2017,1,2,17,15,194.8,25.37,77.69,22,22,4,10646.12
1,CENTRO SUL,2017,1,2,4,10,194.8,25.37,77.69,10,10,6,3847.64
2,CRISTAL,2017,1,2,2,0,194.8,25.37,77.69,3,3,1,7056.38
3,CRUZEIRO,2017,1,2,1,1,194.8,25.37,77.69,4,4,0,9590.62
4,EIXO BALTAZAR,2017,1,2,1,2,194.8,25.37,77.69,2,2,2,8375.15
5,EXTREMO SUL,2017,1,2,1,3,194.8,25.37,77.69,4,4,6,300.6
6,GLORIA,2017,1,2,0,5,194.8,25.37,77.69,5,5,4,2324.68
7,HUMAITA NAVEGANTES,2017,1,2,1,4,194.8,25.37,77.69,4,4,2,2891.4
8,ILHAS,2017,1,2,0,0,194.8,25.37,77.69,1,1,0,188.46
9,LESTE,2017,1,2,4,8,194.8,25.37,77.69,8,8,5,7417.85
10,LOMBA DO PINHEIRO,2017,1,2,1,4,194.8,25.37,77.69,5,5,5,1230.31
11,NORDESTE,2017,1,2,1,6,194.8,25.37,77.69,5,5,3,5491.74
12,NOROESTE,2017,1,2,7,18,194.8,25.37,77.69,19,19,3,6310.17
13,NORTE,2017,1,2,3,9,194.8,25.37,77.69,10,10,4,3176.84
14,PARTENON,2017,1,2,6,10,194.8,25.37,77.69,10,10,8,8162.18
15,RESTINGA,2017,1,2,0,1,194.8,25.37,77.69,2,2,0,1574.92
16,SUL,2017,1,2,6,13,194.8,25.37,77.69,12,12,4,2802.29
0,CENTRO,2017,1,3,8,135,43.0,26.21,77.29,17,22,22,10646.12
1,CENTRO SUL,2017,1,3,6,46,43.0,26.21,77.29,4,10,10,3847.64
2,CRISTAL,2017,1,3,3,25,43.0,26.21,77.29,2,3,3,7056.38
3,CRUZEIRO,2017,1,3,0,15,43.0,26.21,77.29,1,4,4,9590.62
4,EIXO BALTAZAR,2017,1,3,2,11,43.0,26.21,77.29,1,2,2,8375.15
5,EXTREMO SUL,2017,1,3,2,8,43.0,26.21,77.29,1,4,4,300.6
6,GLORIA,2017,1,3,5,16,43.0,26.21,77.29,0,5,5,2324.68
7,HUMAITA NAVEGANTES,2017,1,3,2,13,43.0,26.21,77.29,1,4,4,2891.4
8,ILHAS,2017,1,3,0,0,43.0,26.21,77.29,0,1,1,188.46
9,LESTE,2017,1,3,3,43,43.0,26.21,77.29,4,8,8,7417.85
10,LOMBA DO PINHEIRO,2017,1,3,5,6,43.0,26.21,77.29,1,5,5,1230.31
11,NORDESTE,2017,1,3,1,18,43.0,26.21,77.29,1,5,5,5491.74
12,NOROESTE,2017,1,3,5,40,43.0,26.21,77.29,7,19,19,6310.17
13,NORTE,2017,1,3,1,22,43.0,26.21,77.29,3,10,10,3176.84
14,PARTENON,2017,1,3,6,40,43.0,26.21,77.29,6,10,10,8162.18
15,RESTINGA,2017,1,3,4,4,43.0,26.21,77.29,0,2,2,1574.92
16,SUL,2017,1,3,4,32,43.0,26.21,77.29,6,12,12,2802.29
0,CENTRO,2017,1,4,4,8,162.2,23.32,78.28,8,17,22,10646.12
1,CENTRO SUL,2017,1,4,2,4,162.2,23.32,78.28,6,4,10,3847.64
2,CRISTAL,2017,1,4,0,3,162.2,23.32,78.28,3,2,3,7056.38
3,CRUZEIRO,2017,1,4,1,2,162.2,23.32,78.28,0,1,4,9590.62
4,EIXO BALTAZAR,2017,1,4,3,4,162.2,23.32,78.28,2,1,2,8375.15
5,EXTREMO SUL,2017,1,4,0,2,162.2,23.32,78.28,2,1,4,300.6
6,GLORIA,2017,1,4,0,4,162.2,23.32,78.28,5,0,5,2324.68
7,HUMAITA NAVEGANTES,2017,1,4,3,3,162.2,23.32,78.28,2,1,4,2891.4
8,ILHAS,2017,1,4,0,0,162.2,23.32,78.28,0,0,1,188.46
9,LESTE,2017,1,4,8,4,162.2,23.32,78.28,3,4,8,7417.85
10,LOMBA DO PINHEIRO,2017,1,4,0,2,162.2,23.32,78.28,5,1,5,1230.31
11,NORDESTE,2017,1,4,0,2,162.2,23.32,78.28,1,1,5,5491.74
12,NOROESTE,2017,1,4,4,5,162.2,23.32,78.28,5,7,19,6310.17
13,NORTE,2017,1,4,2,4,162.2,23.32,78.28,1,3,10,3176.84
14,PARTENON,2017,1,4,0,5,162.2,23.32,78.28,6,6,10,8162.18
15,RESTINGA,2017,1,4,2,4,162.2,23.32,78.28,4,0,2,1574.92
16,SUL,2017,1,4,5,6,162.2,23.32,78.28,4,6,12,2802.29
0,CENTRO,2017,1,5,3,6,113.0,20.35,78.93,4,8,17,10646.12
1,CENTRO SUL,2017,1,5,0,2,113.0,20.35,78.93,2,6,4,3847.64
2,CRISTAL,2017,1,5,2,0,113.0,20.35,78.93,0,3,2,7056.38
3,CRUZEIRO,2017,1,5,0,0,113.0,20.35,78.93,1,0,1,9590.62
4,EIXO BALTAZAR,2017,1,5,0,2,113.0,20.35,78.93,3,2,1,8375.15
5,EXTREMO SUL,2017,1,5,1,1,113.0,20.35,78.93,0,2,1,300.6
6,GLORIA,2017,1,5,3,1,113.0,20.35,78.93,0,5,0,2324.68
7,HUMAITA NAVEGANTES,2017,1,5,0,2,113.0,20.35,78.93,3,2,1,2891.4
8,ILHAS,2017,1,5,0,0,113.0,20.35,78.93,0,0,0,188.46
9,LESTE,2017,1,5,3,6,113.0,20.35,78.93,8,3,4,7417.85
10,LOMBA DO PINHEIRO,2017,1,5,2,1,113.0,20.35,78.93,0,5,1,1230.31
11,NORDESTE,2017,1,5,1,0,113.0,20.35,78.93,0,1,1,5491.74
12,NOROESTE,2017,1,5,3,3,113.0,20.35,78.93,4,5,7,6310.17
13,NORTE,2017,1,5,2,2,113.0,20.35,78.93,2,1,3,3176.84
14,PARTENON,2017,1,5,2,1,113.0,20.35,78.93,0,6,6,8162.18
15,RESTINGA,2017,1,5,3,1,113.0,20.35,78.93,2,4,0,1574.92
16,SUL,2017,1,5,3,2,113.0,20.35,78.93,5,4,6,2802.29
0,CENTRO,2017,1,6,3,4,179.8,18.44,86.78,3,4,8,10646.12
1,CENTRO SUL,2017,1,6,3,2,179.8,18.44,86.78,0,2,6,3847.64
2,CRISTAL,2017,1,6,0,2,179.8,18.44,86.78,2,0,3,7056.38
3,CRUZEIRO,2017,1,6,0,1,179.8,18.44,86.78,0,1,0,9590.62
4,EIXO BALTAZAR,2017,1,6,0,2,179.8,18.44,86.78,0,3,2,8375.15
5,EXTREMO SUL,2017,1,6,0,1,179.8,18.44,86.78,1,0,2,300.6
6,GLORIA,2017,1,6,1,2,179.8,18.44,86.78,3,0,5,2324.68
7,HUMAITA NAVEGANTES,2017,1,6,1,2,179.8,18.44,86.78,0,3,2,2891.4
8,ILHAS,2017,1,6,0,0,179.8,18.44,86.78,0,0,0,188.46
9,LESTE,2017,1,6,1,5,179.8,18.44,86.78,3,8,3,7417.85
10,LOMBA DO PINHEIRO,2017,1,6,0,1,179.8,18.44,86.78,2,0,5,1230.31
11,NORDESTE,2017,1,6,0,2,179.8,18.44,86.78,1,0,1,5491.74
12,NOROESTE,2017,1,6,1,3,179.8,18.44,86.78,3,4,5,6310.17
13,NORTE,2017,1,6,0,2,179.8,18.44,86.78,2,2,1,3176.84
14,PARTENON,2017,1,6,0,3,179.8,18.44,86.78,2,0,6,8162.18
15,RESTINGA,2017,1,6,0,1,179.8,18.44,86.78,3,2,4,1574.92
16,SUL,2017,1,6,1,3,179.8,18.44,86.78,3,5,4,2802.29
0,CENTRO,2017,1,7,1,2,197.0,16.14,84.48,3,3,4,10646.12
1,CENTRO SUL,2017,1,7,2,3,197.0,16.14,84.48,3,0,2,3847.64
2,CRISTAL,2017,1,7,1,1,197.0,16.14,84.48,0,2,0,7056.38
3,CRUZEIRO,2017,1,7,0,0,197.0,16.14,84.48,0,0,1,9590.62
4,EIXO BALTAZAR,2017,1,7,1,1,197.0,16.14,84.48,0,0,3,8375.15
5,EXTREMO SUL,2017,1,7,1,0,197.0,16.14,84.48,0,1,0,300.6
6,GLORIA,2017,1,7,0,1,197.0,16.14,84.48,1,3,0,2324.68
7,HUMAITA NAVEGANTES,2017,1,7,0,1,197.0,16.14,84.48,1,0,3,2891.4
8,ILHAS,2017,1,7,0,0,197.0,16.14,84.48,0,0,0,188.46
9,LESTE,2017,1,7,0,2,197.0,16.14,84.48,1,3,8,7417.85
10,LOMBA DO PINHEIRO,2017,1,7,0,1,197.0,16.14,84.48,0,2,0,1230.31
11,NORDESTE,2017,1,7,1,0,197.0,16.14,84.48,0,1,0,5491.74
12,NOROESTE,2017,1,7,0,1,197.0,16.14,84.48,1,3,4,6310.17
13,NORTE,2017,1,7,0,1,197.0,16.14,84.48,0,2,2,3176.84
14,PARTENON,2017,1,7,0,1,197.0,16.14,84.48,0,2,0,8162.18
15,RESTINGA,2017,1,7,0,1,197.0,16.14,84.48,0,3,2,1574.92
16,SUL,2017,1,7,1,2,197.0,16.14,84.48,1,3,5,2802.29
0,CENTRO,2017,1,8,3,1,17.0,16.8,75.65,1,3,3,10646.12
1,CENTRO SUL,2017,1,8,0,1,17.0,16.8,75.65,2,3,0,3847.64
2,CRISTAL,2017,1,8,1,0,17.0,16.8,75.65,1,0,2,7056.38
3,CRUZEIRO,2017,1,8,1,0,17.0,16.8,75.65,0,0,0,9590.62
4,EIXO BALTAZAR,2017,1,8,0,1,17.0,16.8,75.65,1,0,0,8375.15
5,EXTREMO SUL,2017,1,8,1,0,17.0,16.8,75.65,1,0,1,300.6
6,GLORIA,2017,1,8,0,2,17.0,16.8,75.65,0,1,3,2324.68
7,HUMAITA NAVEGANTES,2017,1,8,2,2,17.0,16.8,75.65,0,1,0,2891.4
8,ILHAS,2017,1,8,0,0,17.0,16.8,75.65,0,0,0,188.46
9,LESTE,2017,1,8,0,0,17.0,16.8,75.65,0,1,3,7417.85
10,LOMBA DO PINHEIRO,2017,1,8,0,0,17.0,16.8,75.65,0,0,2,1230.31
11,NORDESTE,2017,1,8,0,1,17.0,16.8,75.65,1,0,1,5491.74
12,NOROESTE,2017,1,8,1,0,17.0,16.8,75.65,0,1,3,6310.17
13,NORTE,2017,1,8,0,0,17.0,16.8,75.65,0,0,2,3176.84
14,PARTENON,2017,1,8,1,0,17.0,16.8,75.65,0,0,2,8162.18
15,RESTINGA,2017,1,8,1,0,17.0,16.8,75.65,0,0,3,1574.92
16,SUL,2017,1,8,0,2,17.0,16.8,75.65,1,1,3,2802.29
0,CENTRO,2017,1,9,3,1,104.4,17.48,80.06,3,1,3,10646.12
1,CENTRO SUL,2017,1,9,1,0,104.4,17.48,80.06,0,2,3,3847.64
2,CRISTAL,2017,1,9,0,0,104.4,17.48,80.06,1,1,0,7056.38
3,CRUZEIRO,2017,1,9,0,0,104.4,17.48,80.06,1,0,0,9590.62
4,EIXO BALTAZAR,2017,1,9,3,0,104.4,17.48,80.06,0,1,0,8375.15
5,EXTREMO SUL,2017,1,9,0,1,104.4,17.48,80.06,1,1,0,300.6
6,GLORIA,2017,1,9,0,0,104.4,17.48,80.06,0,0,1,2324.68
7,HUMAITA NAVEGANTES,2017,1,9,0,0,104.4,17.48,80.06,2,0,1,2891.4
8,ILHAS,2017,1,9,0,0,104.4,17.48,80.06,0,0,0,188.46
9,LESTE,2017,1,9,1,0,104.4,17.48,80.06,0,0,1,7417.85
10,LOMBA DO PINHEIRO,2017,1,9,0,0,104.4,17.48,80.06,0,0,0,1230.31
11,NORDESTE,2017,1,9,0,0,104.4,17.48,80.06,0,1,0,5491.74
12,NOROESTE,2017,1,9,2,0,104.4,17.48,80.06,1,0,1,6310.17
13,NORTE,2017,1,9,6,1,104.4,17.48,80.06,0,0,0,3176.84
14,PARTENON,2017,1,9,1,0,104.4,17.48,80.06,1,0,0,8162.18
15,RESTINGA,2017,1,9,0,0,104.4,17.48,80.06,1,0,0,1574.92
16,SUL,2017,1,9,0,0,104.4,17.48,80.06,0,1,1,2802.29
0,CENTRO,2017,1,10,6,1,166.4,20.31,81.49,3,3,1,10646.12
1,CENTRO SUL,2017,1,10,0,1,166.4,20.31,81.49,1,0,2,3847.64
2,CRISTAL,2017,1,10,0,0,166.4,20.31,81.49,0,1,1,7056.38
3,CRUZEIRO,2017,1,10,0,0,166.4,20.31,81.49,0,1,0,9590.62
4,EIXO BALTAZAR,2017,1,10,1,3,166.4,20.31,81.49,3,0,1,8375.15
5,EXTREMO SUL,2017,1,10,1,0,166.4,20.31,81.49,0,1,1,300.6
6,GLORIA,2017,1,10,1,1,166.4,20.31,81.49,0,0,0,2324.68
7,HUMAITA NAVEGANTES,2017,1,10,1,1,166.4,20.31,81.49,0,2,0,2891.4
8,ILHAS,2017,1,10,0,0,166.4,20.31,81.49,0,0,0,188.46
9,LESTE,2017,1,10,0,1,166.4,20.31,81.49,1,0,0,7417.85
10,LOMBA DO PINHEIRO,2017,1,10,1,1,166.4,20.31,81.49,0,0,0,1230.31
11,NORDESTE,2017,1,10,0,0,166.4,20.31,81.49,0,0,1,5491.74
12,NOROESTE,2017,1,10,5,1,166.4,20.31,81.49,2,1,0,6310.17
13,NORTE,2017,1,10,2,6,166.4,20.31,81.49,6,0,0,3176.84
14,PARTENON,2017,1,10,0,1,166.4,20.31,81.49,1,1,0,8162.18
15,RESTINGA,2017,1,10,1,1,166.4,20.31,81.49,0,1,0,1574.92
16,SUL,2017,1,10,0,1,166.4,20.31,81.49,0,0,1,2802.29
0,CENTRO,2017,1,11,7,5,289.8,20.0,78.24,6,3,3,10646.12
1,CENTRO SUL,2017,1,11,2,0,289.8,20.0,78.24,0,1,0,3847.64
2,CRISTAL,2017,1,11,0,0,289.8,20.0,78.24,0,0,1,7056.38
3,CRUZEIRO,2017,1,11,0,0,289.8,20.0,78.24,0,0,1,9590.62
4,EIXO BALTAZAR,2017,1,11,2,1,289.8,20.0,78.24,1,3,0,8375.15
5,EXTREMO SUL,2017,1,11,0,1,289.8,20.0,78.24,1,0,1,300.6
6,GLORIA,2017,1,11,0,0,289.8,20.0,78.24,1,0,0,2324.68
7,HUMAITA NAVEGANTES,2017,1,11,1,1,289.8,20.0,78.24,1,0,2,2891.4
8,ILHAS,2017,1,11,0,0,289.8,20.0,78.24,0,0,0,188.46
9,LESTE,2017,1,11,5,0,289.8,20.0,78.24,0,1,0,7417.85
10,LOMBA DO PINHEIRO,2017,1,11,2,1,289.8,20.0,78.24,1,0,0,1230.31
11,NORDESTE,2017,1,11,0,0,289.8,20.0,78.24,0,0,0,5491.74
12,NOROESTE,2017,1,11,6,5,289.8,20.0,78.24,5,2,1,6310.17
13,NORTE,2017,1,11,1,4,289.8,20.0,78.24,2,6,0,3176.84
14,PARTENON,2017,1,11,2,0,289.8,20.0,78.24,0,1,1,8162.18
15,RESTINGA,2017,1,11,0,0,289.8,20.0,78.24,1,0,1,1574.92
16,SUL,2017,1,11,2,1,289.8,20.0,78.24,0,0,0,2802.29
0,CENTRO,2017,1,12,7,3,136.0,20.72,73.89,7,6,3,10646.12
1,CENTRO SUL,2017,1,12,3,0,136.0,20.72,73.89,2,0,1,3847.64
2,CRISTAL,2017,1,12,0,0,136.0,20.72,73.89,0,0,0,7056.38
3,CRUZEIRO,2017,1,12,0,1,136.0,20.72,73.89,0,0,0,9590.62
4,EIXO BALTAZAR,2017,1,12,4,1,136.0,20.72,73.89,2,1,3,8375.15
5,EXTREMO SUL,2017,1,12,0,0,136.0,20.72,73.89,0,1,0,300.6
6,GLORIA,2017,1,12,0,0,136.0,20.72,73.89,0,1,0,2324.68
7,HUMAITA NAVEGANTES,2017,1,12,0,0,136.0,20.72,73.89,1,1,0,2891.4
8,ILHAS,2017,1,12,0,0,136.0,20.72,73.89,0,0,0,188.46
9,LESTE,2017,1,12,4,2,136.0,20.72,73.89,5,0,1,7417.85
10,LOMBA DO PINHEIRO,2017,1,12,4,1,136.0,20.72,73.89,2,1,0,1230.31
11,NORDESTE,2017,1,12,1,1,136.0,20.72,73.89,0,0,0,5491.74
12,NOROESTE,2017,1,12,2,0,136.0,20.72,73.89,6,5,2,6310.17
13,NORTE,2017,1,12,2,2,136.0,20.72,73.89,1,2,6,3176.84
14,PARTENON,2017,1,12,2,1,136.0,20.72,73.89,2,0,1,8162.18
15,RESTINGA,2017,1,12,1,0,136.0,20.72,73.89,0,1,0,1574.92
16,SUL,2017,1,12,1,0,136.0,20.72,73.89,2,0,0,2802.29
0,CENTRO,2018,1,1,7,5,153.2,23.86,76.55,7,7,6,10646.12
1,CENTRO SUL,2018,1,1,3,5,153.2,23.86,76.55,3,2,0,3847.64
2,CRISTAL,2018,1,1,1,0,153.2,23.86,76.55,0,0,0,7056.38
3,CRUZEIRO,2018,1,1,1,0,153.2,23.86,76.55,0,0,0,9590.62
4,EIXO BALTAZAR,2018,1,1,1,1,153.2,23.86,76.55,4,2,1,8375.15
5,EXTREMO SUL,2018,1,1,0,0,153.2,23.86,76.55,0,0,1,300.6
6,GLORIA,2018,1,1,2,0,153.2,23.86,76.55,0,0,1,2324.68
7,HUMAITA NAVEGANTES,2018,1,1,1,1,153.2,23.86,76.55,0,1,1,2891.4
8,ILHAS,2018,1,1,0,0,153.2,23.86,76.55,0,0,0,188.46
9,LESTE,2018,1,1,2,2,153.2,23.86,76.55,4,5,0,7417.85
10,LOMBA DO PINHEIRO,2018,1,1,4,3,153.2,23.86,76.55,4,2,1,1230.31
11,NORDESTE,2018,1,1,3,1,153.2,23.86,76.55,1,0,0,5491.74
12,NOROESTE,2018,1,1,6,2,153.2,23.86,76.55,2,6,5,6310.17
13,NORTE,2018,1,1,5,5,153.2,23.86,76.55,2,1,2,3176.84
14,PARTENON,2018,1,1,4,3,153.2,23.86,76.55,2,2,0,8162.18
15,RESTINGA,2018,1,1,2,0,153.2,23.86,76.55,1,0,1,1574.92
16,SUL,2018,1,1,1,1,153.2,23.86,76.55,1,2,0,2802.29
0,CENTRO,2018,1,2,6,4,149.8,24.55,77.28,7,7,7,10646.12
1,CENTRO SUL,2018,1,2,2,5,149.8,24.55,77.28,3,3,2,3847.64
2,CRISTAL,2018,1,2,2,0,149.8,24.55,77.28,1,0,0,7056.38
3,CRUZEIRO,2018,1,2,1,1,149.8,24.55,77.28,1,0,0,9590.62
4,EIXO BALTAZAR,2018,1,2,1,3,149.8,24.55,77.28,1,4,2,8375.15
5,EXTREMO SUL,2018,1,2,0,0,149.8,24.55,77.28,0,0,0,300.6
6,GLORIA,2018,1,2,1,1,149.8,24.55,77.28,2,0,0,2324.68
7,HUMAITA NAVEGANTES,2018,1,2,0,1,149.8,24.55,77.28,1,0,1,2891.4
8,ILHAS,2018,1,2,0,0,149.8,24.55,77.28,0,0,0,188.46
9,LESTE,2018,1,2,3,4,149.8,24.55,77.28,2,4,5,7417.85
10,LOMBA DO PINHEIRO,2018,1,2,2,4,149.8,24.55,77.28,4,4,2,1230.31
11,NORDESTE,2018,1,2,2,6,149.8,24.55,77.28,3,1,0,5491.74
12,NOROESTE,2018,1,2,3,2,149.8,24.55,77.28,6,2,6,6310.17
13,NORTE,2018,1,2,3,6,149.8,24.55,77.28,5,2,1,3176.84
14,PARTENON,2018,1,2,1,4,149.8,24.55,77.28,4,2,2,8162.18
15,RESTINGA,2018,1,2,1,1,149.8,24.55,77.28,2,1,0,1574.92
16,SUL,2018,1,2,1,2,149.8,24.55,77.28,1,1,2,2802.29
0,CENTRO,2018,1,3,1,2,110.4,23.78,77.16,6,7,7,10646.12
1,CENTRO SUL,2018,1,3,2,2,110.4,23.78,77.16,2,3,3,3847.64
2,CRISTAL,2018,1,3,1,0,110.4,23.78,77.16,2,1,0,7056.38
3,CRUZEIRO,2018,1,3,0,0,110.4,23.78,77.16,1,1,0,9590.62
4,EIXO BALTAZAR,2018,1,3,1,1,110.4,23.78,77.16,1,1,4,8375.15
5,EXTREMO SUL,2018,1,3,0,0,110.4,23.78,77.16,0,0,0,300.6
6,GLORIA,2018,1,3,0,1,110.4,23.78,77.16,1,2,0,2324.68
7,HUMAITA NAVEGANTES,2018,1,3,0,1,110.4,23.78,77.16,0,1,0,2891.4
8,ILHAS,2018,1,3,0,0,110.4,23.78,77.16,0,0,0,188.46
9,LESTE,2018,1,3,0,0,110.4,23.78,77.16,3,2,4,7417.85
10,LOMBA DO PINHEIRO,2018,1,3,2,2,110.4,23.78,77.16,2,4,4,1230.31
11,NORDESTE,2018,1,3,0,1,110.4,23.78,77.16,2,3,1,5491.74
12,NOROESTE,2018,1,3,2,1,110.4,23.78,77.16,3,6,2,6310.17
13,NORTE,2018,1,3,4,4,110.4,23.78,77.16,3,5,2,3176.84
14,PARTENON,2018,1,3,5,3,110.4,23.78,77.16,1,4,2,8162.18
15,RESTINGA,2018,1,3,1,0,110.4,23.78,77.16,1,2,1,1574.92
16,SUL,2018,1,3,1,0,110.4,23.78,77.16,1,1,1,2802.29
0,CENTRO,2018,1,4,1,15,116.6,22.99,79.94,1,6,7,10646.12
1,CENTRO SUL,2018,1,4,0,10,116.6,22.99,79.94,2,2,3,3847.64
2,CRISTAL,2018,1,4,0,3,116.6,22.99,79.94,1,2,1,7056.38
3,CRUZEIRO,2018,1,4,0,1,116.6,22.99,79.94,0,1,1,9590.62
4,EIXO BALTAZAR,2018,1,4,0,3,116.6,22.99,79.94,1,1,1,8375.15
5,EXTREMO SUL,2018,1,4,0,2,116.6,22.99,79.94,0,0,0,300.6
6,GLORIA,2018,1,4,1,6,116.6,22.99,79.94,0,1,2,2324.68
7,HUMAITA NAVEGANTES,2018,1,4,0,3,116.6,22.99,79.94,0,0,1,2891.4
8,ILHAS,2018,1,4,0,1,116.6,22.99,79.94,0,0,0,188.46
9,LESTE,2018,1,4,0,12,116.6,22.99,79.94,0,3,2,7417.85
10,LOMBA DO PINHEIRO,2018,1,4,1,10,116.6,22.99,79.94,2,2,4,1230.31
11,NORDESTE,2018,1,4,0,7,116.6,22.99,79.94,0,2,3,5491.74
12,NOROESTE,2018,1,4,0,18,116.6,22.99,79.94,2,3,6,6310.17
13,NORTE,2018,1,4,1,17,116.6,22.99,79.94,4,3,5,3176.84
14,PARTENON,2018,1,4,0,11,116.6,22.99,79.94,5,1,4,8162.18
15,RESTINGA,2018,1,4,2,6,116.6,22.99,79.94,1,1,2,1574.92
16,SUL,2018,1,4,2,3,116.6,22.99,79.94,1,1,1,2802.29
0,CENTRO,2018,1,5,6,3,88.8,23.14,81.22,1,1,6,10646.12
1,CENTRO SUL,2018,1,5,0,2,88.8,23.14,81.22,0,2,2,3847.64
2,CRISTAL,2018,1,5,0,1,88.8,23.14,81.22,0,1,2,7056.38
3,CRUZEIRO,2018,1,5,0,0,88.8,23.14,81.22,0,0,1,9590.62
4,EIXO BALTAZAR,2018,1,5,0,1,88.8,23.14,81.22,0,1,1,8375.15
5,EXTREMO SUL,2018,1,5,0,1,88.8,23.14,81.22,0,0,0,300.6
6,GLORIA,2018,1,5,0,1,88.8,23.14,81.22,1,0,1,2324.68
7,HUMAITA NAVEGANTES,2018,1,5,0,3,88.8,23.14,81.22,0,0,0,2891.4
8,ILHAS,2018,1,5,0,0,88.8,23.14,81.22,0,0,0,188.46
9,LESTE,2018,1,5,2,2,88.8,23.14,81.22,0,0,3,7417.85
10,LOMBA DO PINHEIRO,2018,1,5,1,3,88.8,23.14,81.22,1,2,2,1230.31
11,NORDESTE,2018,1,5,0,1,88.8,23.14,81.22,0,0,2,5491.74
12,NOROESTE,2018,1,5,1,3,88.8,23.14,81.22,0,2,3,6310.17
13,NORTE,2018,1,5,0,5,88.8,23.14,81.22,1,4,3,3176.84
14,PARTENON,2018,1,5,1,4,88.8,23.14,81.22,0,5,1,8162.18
15,RESTINGA,2018,1,5,0,4,88.8,23.14,81.22,2,1,1,1574.92
16,SUL,2018,1,5,1,4,88.8,23.14,81.22,2,1,1,2802.29
0,CENTRO,2018,1,6,3,1,91.8,18.05,82.33,6,1,1,10646.12
1,CENTRO SUL,2018,1,6,0,1,91.8,18.05,82.33,0,0,2,3847.64
2,CRISTAL,2018,1,6,0,0,91.8,18.05,82.33,0,0,1,7056.38
3,CRUZEIRO,2018,1,6,0,1,91.8,18.05,82.33,0,0,0,9590.62
4,EIXO BALTAZAR,2018,1,6,0,1,91.8,18.05,82.33,0,0,1,8375.15
5,EXTREMO SUL,2018,1,6,0,1,91.8,18.05,82.33,0,0,0,300.6
6,GLORIA,2018,1,6,0,0,91.8,18.05,82.33,0,1,0,2324.68
7,HUMAITA NAVEGANTES,2018,1,6,2,1,91.8,18.05,82.33,0,0,0,2891.4
8,ILHAS,2018,1,6,0,0,91.8,18.05,82.33,0,0,0,188.46
9,LESTE,2018,1,6,2,1,91.8,18.05,82.33,2,0,0,7417.85
10,LOMBA DO PINHEIRO,2018,1,6,0,1,91.8,18.05,82.33,1,1,2,1230.31
11,NORDESTE,2018,1,6,0,0,91.8,18.05,82.33,0,0,0,5491.74
12,NOROESTE,2018,1,6,0,1,91.8,18.05,82.33,1,0,2,6310.17
13,NORTE,2018,1,6,1,2,91.8,18.05,82.33,0,1,4,3176.84
14,PARTENON,2018,1,6,2,2,91.8,18.05,82.33,1,0,5,8162.18
15,RESTINGA,2018,1,6,0,0,91.8,18.05,82.33,0,2,1,1574.92
16,SUL,2018,1,6,0,0,91.8,18.05,82.33,1,2,1,2802.29
0,CENTRO,2018,1,7,0,3,145.2,13.28,86.15,3,6,1,10646.12
1,CENTRO SUL,2018,1,7,0,1,145.2,13.28,86.15,0,0,0,3847.64
2,CRISTAL,2018,1,7,0,0,145.2,13.28,86.15,0,0,0,7056.38
3,CRUZEIRO,2018,1,7,0,0,145.2,13.28,86.15,0,0,0,9590.62
4,EIXO BALTAZAR,2018,1,7,2,0,145.2,13.28,86.15,0,0,0,8375.15
5,EXTREMO SUL,2018,1,7,0,0,145.2,13.28,86.15,0,0,0,300.6
6,GLORIA,2018,1,7,0,0,145.2,13.28,86.15,0,0,1,2324.68
7,HUMAITA NAVEGANTES,2018,1,7,0,0,145.2,13.28,86.15,2,0,0,2891.4
8,ILHAS,2018,1,7,0,0,145.2,13.28,86.15,0,0,0,188.46
9,LESTE,2018,1,7,1,1,145.2,13.28,86.15,2,2,0,7417.85
10,LOMBA DO PINHEIRO,2018,1,7,2,0,145.2,13.28,86.15,0,1,1,1230.31
11,NORDESTE,2018,1,7,0,1,145.2,13.28,86.15,0,0,0,5491.74
12,NOROESTE,2018,1,7,0,1,145.2,13.28,86.15,0,1,0,6310.17
13,NORTE,2018,1,7,2,1,145.2,13.28,86.15,1,0,1,3176.84
14,PARTENON,2018,1,7,0,1,145.2,13.28,86.15,2,1,0,8162.18
15,RESTINGA,2018,1,7,0,0,145.2,13.28,86.15,0,0,2,1574.92
16,SUL,2018,1,7,0,1,145.2,13.28,86.15,0,1,2,2802.29
0,CENTRO,2018,1,8,1,1,167.6,14.52,87.67,0,3,6,10646.12
1,CENTRO SUL,2018,1,8,0,1,167.6,14.52,87.67,0,0,0,3847.64
2,CRISTAL,2018,1,8,0,0,167.6,14.52,87.67,0,0,0,7056.38
3,CRUZEIRO,2018,1,8,0,0,167.6,14.52,87.67,0,0,0,9590.62
4,EIXO BALTAZAR,2018,1,8,0,0,167.6,14.52,87.67,2,0,0,8375.15
5,EXTREMO SUL,2018,1,8,0,0,167.6,14.52,87.67,0,0,0,300.6
6,GLORIA,2018,1,8,0,0,167.6,14.52,87.67,0,0,0,2324.68
7,HUMAITA NAVEGANTES,2018,1,8,0,0,167.6,14.52,87.67,0,2,0,2891.4
8,ILHAS,2018,1,8,0,0,167.6,14.52,87.67,0,0,0,188.46
9,LESTE,2018,1,8,2,0,167.6,14.52,87.67,1,2,2,7417.85
10,LOMBA DO PINHEIRO,2018,1,8,0,0,167.6,14.52,87.67,2,0,1,1230.31
11,NORDESTE,2018,1,8,0,0,167.6,14.52,87.67,0,0,0,5491.74
12,NOROESTE,2018,1,8,4,0,167.6,14.52,87.67,0,0,1,6310.17
13,NORTE,2018,1,8,0,0,167.6,14.52,87.67,2,1,0,3176.84
14,PARTENON,2018,1,8,0,0,167.6,14.52,87.67,0,2,1,8162.18
15,RESTINGA,2018,1,8,0,0,167.6,14.52,87.67,0,0,0,1574.92
16,SUL,2018,1,8,0,0,167.6,14.52,87.67,0,0,1,2802.29
0,CENTRO,2018,1,9,1,1,147.2,14.08,82.36,1,0,3,10646.12
1,CENTRO SUL,2018,1,9,2,0,147.2,14.08,82.36,0,0,0,3847.64
2,CRISTAL,2018,1,9,1,0,147.2,14.08,82.36,0,0,0,7056.38
3,CRUZEIRO,2018,1,9,0,0,147.2,14.08,82.36,0,0,0,9590.62
4,EIXO BALTAZAR,2018,1,9,0,0,147.2,14.08,82.36,0,2,0,8375.15
5,EXTREMO SUL,2018,1,9,1,0,147.2,14.08,82.36,0,0,0,300.6
6,GLORIA,2018,1,9,0,0,147.2,14.08,82.36,0,0,0,2324.68
7,HUMAITA NAVEGANTES,2018,1,9,2,0,147.2,14.08,82.36,0,0,2,2891.4
8,ILHAS,2018,1,9,0,0,147.2,14.08,82.36,0,0,0,188.46
9,LESTE,2018,1,9,0,0,147.2,14.08,82.36,2,1,2,7417.85
10,LOMBA DO PINHEIRO,2018,1,9,0,0,147.2,14.08,82.36,0,2,0,1230.31
11,NORDESTE,2018,1,9,0,0,147.2,14.08,82.36,0,0,0,5491.74
12,NOROESTE,2018,1,9,0,0,147.2,14.08,82.36,4,0,0,6310.17
13,NORTE,2018,1,9,0,0,147.2,14.08,82.36,0,2,1,3176.84
14,PARTENON,2018,1,9,0,0,147.2,14.08,82.36,0,0,2,8162.18
15,RESTINGA,2018,1,9,0,0,147.2,14.08,82.36,0,0,0,1574.92
16,SUL,2018,1,9,1,1,147.2,14.08,82.36,0,0,0,2802.29
0,CENTRO,2018,1,10,0,2,147.0,19.11,83.8,1,1,0,10646.12
1,CENTRO SUL,2018,1,10,0,1,147.0,19.11,83.8,2,0,0,3847.64
2,CRISTAL,2018,1,10,0,0,147.0,19.11,83.8,1,0,0,7056.38
3,CRUZEIRO,2018,1,10,1,0,147.0,19.11,83.8,0,0,0,9590.62
4,EIXO BALTAZAR,2018,1,10,1,1,147.0,19.11,83.8,0,0,2,8375.15
5,EXTREMO SUL,2018,1,10,0,1,147.0,19.11,83.8,1,0,0,300.6
6,GLORIA,2018,1,10,0,1,147.0,19.11,83.8,0,0,0,2324.68
7,HUMAITA NAVEGANTES,2018,1,10,0,1,147.0,19.11,83.8,2,0,0,2891.4
8,ILHAS,2018,1,10,0,0,147.0,19.11,83.8,0,0,0,188.46
9,LESTE,2018,1,10,3,1,147.0,19.11,83.8,0,2,1,7417.85
10,LOMBA DO PINHEIRO,2018,1,10,1,1,147.0,19.11,83.8,0,0,2,1230.31
11,NORDESTE,2018,1,10,0,1,147.0,19.11,83.8,0,0,0,5491.74
12,NOROESTE,2018,1,10,0,1,147.0,19.11,83.8,0,4,0,6310.17
13,NORTE,2018,1,10,2,2,147.0,19.11,83.8,0,0,2,3176.84
14,PARTENON,2018,1,10,1,1,147.0,19.11,83.8,0,0,0,8162.18
15,RESTINGA,2018,1,10,0,1,147.0,19.11,83.8,0,0,0,1574.92
16,SUL,2018,1,10,3,1,147.0,19.11,83.8,1,0,0,2802.29
0,CENTRO,2018,1,11,2,2,91.6,20.03,77.69,0,1,1,10646.12
1,CENTRO SUL,2018,1,11,0,1,91.6,20.03,77.69,0,2,0,3847.64
2,CRISTAL,2018,1,11,0,1,91.6,20.03,77.69,0,1,0,7056.38
3,CRUZEIRO,2018,1,11,0,1,91.6,20.03,77.69,1,0,0,9590.62
4,EIXO BALTAZAR,2018,1,11,0,1,91.6,20.03,77.69,1,0,0,8375.15
5,EXTREMO SUL,2018,1,11,0,1,91.6,20.03,77.69,0,1,0,300.6
6,GLORIA,2018,1,11,0,1,91.6,20.03,77.69,0,0,0,2324.68
7,HUMAITA NAVEGANTES,2018,1,11,0,2,91.6,20.03,77.69,0,2,0,2891.4
8,ILHAS,2018,1,11,0,0,91.6,20.03,77.69,0,0,0,188.46
9,LESTE,2018,1,11,2,5,91.6,20.03,77.69,3,0,2,7417.85
10,LOMBA DO PINHEIRO,2018,1,11,3,1,91.6,20.03,77.69,1,0,0,1230.31
11,NORDESTE,2018,1,11,0,1,91.6,20.03,77.69,0,0,0,5491.74
12,NOROESTE,2018,1,11,2,1,91.6,20.03,77.69,0,0,4,6310.17
13,NORTE,2018,1,11,2,3,91.6,20.03,77.69,2,0,0,3176.84
14,PARTENON,2018,1,11,1,2,91.6,20.03,77.69,1,0,0,8162.18
15,RESTINGA,2018,1,11,0,1,91.6,20.03,77.69,0,0,0,1574.92
16,SUL,2018,1,11,0,5,91.6,20.03,77.69,3,1,0,2802.29
0,CENTRO,2018,1,12,1,4,129.2,22.58,74.61,2,0,1,10646.12
1,CENTRO SUL,2018,1,12,0,2,129.2,22.58,74.61,0,0,2,3847.64
2,CRISTAL,2018,1,12,0,1,129.2,22.58,74.61,0,0,1,7056.38
3,CRUZEIRO,2018,1,12,0,1,129.2,22.58,74.61,0,1,0,9590.62
4,EIXO BALTAZAR,2018,1,12,0,2,129.2,22.58,74.61,0,1,0,8375.15
5,EXTREMO SUL,2018,1,12,1,0,129.2,22.58,74.61,0,0,1,300.6
6,GLORIA,2018,1,12,1,1,129.2,22.58,74.61,0,0,0,2324.68
7,HUMAITA NAVEGANTES,2018,1,12,0,2,129.2,22.58,74.61,0,0,2,2891.4
8,ILHAS,2018,1,12,0,0,129.2,22.58,74.61,0,0,0,188.46
9,LESTE,2018,1,12,0,4,129.2,22.58,74.61,2,3,0,7417.85
10,LOMBA DO PINHEIRO,2018,1,12,0,6,129.2,22.58,74.61,3,1,0,1230.31
11,NORDESTE,2018,1,12,0,1,129.2,22.58,74.61,0,0,0,5491.74
12,NOROESTE,2018,1,12,0,3,129.2,22.58,74.61,2,0,0,6310.17
13,NORTE,2018,1,12,0,4,129.2,22.58,74.61,2,2,0,3176.84
14,PARTENON,2018,1,12,0,2,129.2,22.58,74.61,1,1,0,8162.18
15,RESTINGA,2018,1,12,0,1,129.2,22.58,74.61,0,0,0,1574.92
16,SUL,2018,1,12,0,1,129.2,22.58,74.61,0,3,1,2802.29
0,CENTRO,2019,1,1,1,3,61.4,23.98,73.18,1,2,0,10646.12
1,CENTRO SUL,2019,1,1,0,1,61.4,23.98,73.18,0,0,0,3847.64
2,CRISTAL,2019,1,1,0,1,61.4,23.98,73.18,0,0,0,7056.38
3,CRUZEIRO,2019,1,1,1,0,61.4,23.98,73.18,0,0,1,9590.62
4,EIXO BALTAZAR,2019,1,1,2,1,61.4,23.98,73.18,0,0,1,8375.15
5,EXTREMO SUL,2019,1,1,0,0,61.4,23.98,73.18,1,0,0,300.6
6,GLORIA,2019,1,1,0,0,61.4,23.98,73.18,1,0,0,2324.68
7,HUMAITA NAVEGANTES,2019,1,1,1,1,61.4,23.98,73.18,0,0,0,2891.4
8,ILHAS,2019,1,1,1,0,61.4,23.98,73.18,0,0,0,188.46
9,LESTE,2019,1,1,0,5,61.4,23.98,73.18,0,2,3,7417.85
10,LOMBA DO PINHEIRO,2019,1,1,0,5,61.4,23.98,73.18,0,3,1,1230.31
11,NORDESTE,2019,1,1,0,1,61.4,23.98,73.18,0,0,0,5491.74
12,NOROESTE,2019,1,1,4,1,61.4,23.98,73.18,0,2,0,6310.17
13,NORTE,2019,1,1,1,2,61.4,23.98,73.18,0,2,2,3176.84
14,PARTENON,2019,1,1,2,2,61.4,23.98,73.18,0,1,1,8162.18
15,RESTINGA,2019,1,1,1,1,61.4,23.98,73.18,0,0,0,1574.92
16,SUL,2019,1,1,0,2,61.4,23.98,73.18,0,0,3,2802.29
0,CENTRO,2019,1,2,5,4,117.6,26.66,77.85,1,1,2,10646.12
1,CENTRO SUL,2019,1,2,2,2,117.6,26.66,77.85,0,0,0,3847.64
2,CRISTAL,2019,1,2,0,0,117.6,26.66,77.85,0,0,0,7056.38
3,CRUZEIRO,2019,1,2,0,1,117.6,26.66,77.85,1,0,0,9590.62
4,EIXO BALTAZAR,2019,1,2,0,2,117.6,26.66,77.85,2,0,0,8375.15
5,EXTREMO SUL,2019,1,2,0,0,117.6,26.66,77.85,0,1,0,300.6
6,GLORIA,2019,1,2,0,0,117.6,26.66,77.85,0,1,0,2324.68
7,HUMAITA NAVEGANTES,2019,1,2,1,0,117.6,26.66,77.85,1,0,0,2891.4
8,ILHAS,2019,1,2,0,0,117.6,26.66,77.85,1,0,0,188.46
9,LESTE,2019,1,2,2,6,117.6,26.66,77.85,0,0,2,7417.85
10,LOMBA DO PINHEIRO,2019,1,2,0,3,117.6,26.66,77.85,0,0,3,1230.31
11,NORDESTE,2019,1,2,1,0,117.6,26.66,77.85,0,0,0,5491.74
12,NOROESTE,2019,1,2,3,4,117.6,26.66,77.85,4,0,2,6310.17
13,NORTE,2019,1,2,3,0,117.6,26.66,77.85,1,0,2,3176.84
14,PARTENON,2019,1,2,2,4,117.6,26.66,77.85,2,0,1,8162.18
15,RESTINGA,2019,1,2,1,0,117.6,26.66,77.85,1,0,0,1574.92
16,SUL,2019,1,2,2,1,117.6,26.66,77.85,0,0,0,2802.29
0,CENTRO,2019,1,3,6,3,95.8,24.58,76.44,5,1,1,10646.12
1,CENTRO SUL,2019,1,3,0,2,95.8,24.58,76.44,2,0,0,3847.64
2,CRISTAL,2019,1,3,0,1,95.8,24.58,76.44,0,0,0,7056.38
3,CRUZEIRO,2019,1,3,0,1,95.8,24.58,76.44,0,1,0,9590.62
4,EIXO BALTAZAR,2019,1,3,3,1,95.8,24.58,76.44,0,2,0,8375.15
5,EXTREMO SUL,2019,1,3,1,1,95.8,24.58,76.44,0,0,1,300.6
6,GLORIA,2019,1,3,0,1,95.8,24.58,76.44,0,0,1,2324.68
7,HUMAITA NAVEGANTES,2019,1,3,1,2,95.8,24.58,76.44,1,1,0,2891.4
8,ILHAS,2019,1,3,0,0,95.8,24.58,76.44,0,1,0,188.46
9,LESTE,2019,1,3,2,3,95.8,24.58,76.44,2,0,0,7417.85
10,LOMBA DO PINHEIRO,2019,1,3,2,1,95.8,24.58,76.44,0,0,0,1230.31
11,NORDESTE,2019,1,3,2,2,95.8,24.58,76.44,1,0,0,5491.74
12,NOROESTE,2019,1,3,2,2,95.8,24.58,76.44,3,4,0,6310.17
13,NORTE,2019,1,3,57,3,95.8,24.58,76.44,3,1,0,3176.84
14,PARTENON,2019,1,3,9,3,95.8,24.58,76.44,2,2,0,8162.18
15,RESTINGA,2019,1,3,0,1,95.8,24.58,76.44,1,1,0,1574.92
16,SUL,2019,1,3,1,2,95.8,24.58,76.44,2,0,0,2802.29
0,CENTRO,2019,1,4,14,2,80.2,22.99,78.65,6,5,1,10646.12
1,CENTRO SUL,2019,1,4,3,2,80.2,22.99,78.65,0,2,0,3847.64
2,CRISTAL,2019,1,4,0,1,80.2,22.99,78.65,0,0,0,7056.38
3,CRUZEIRO,2019,1,4,1,1,80.2,22.99,78.65,0,0,1,9590.62
4,EIXO BALTAZAR,2019,1,4,18,2,80.2,22.99,78.65,3,0,2,8375.15
5,EXTREMO SUL,2019,1,4,2,0,80.2,22.99,78.65,1,0,0,300.6
6,GLORIA,2019,1,4,5,1,80.2,22.99,78.65,0,0,0,2324.68
7,HUMAITA NAVEGANTES,2019,1,4,6,2,80.2,22.99,78.65,1,1,1,2891.4
8,ILHAS,2019,1,4,0,0,80.2,22.99,78.65,0,0,1,188.46
9,LESTE,2019,1,4,10,1,80.2,22.99,78.65,2,2,0,7417.85
10,LOMBA DO PINHEIRO,2019,1,4,7,1,80.2,22.99,78.65,2,0,0,1230.31
11,NORDESTE,2019,1,4,5,0,80.2,22.99,78.65,2,1,0,5491.74
12,NOROESTE,2019,1,4,33,1,80.2,22.99,78.65,2,3,4,6310.17
13,NORTE,2019,1,4,186,89,80.2,22.99,78.65,57,3,1,3176.84
14,PARTENON,2019,1,4,5,10,80.2,22.99,78.65,9,2,2,8162.18
15,RESTINGA,2019,1,4,2,2,80.2,22.99,78.65,0,1,1,1574.92
16,SUL,2019,1,4,4,2,80.2,22.99,78.65,1,2,0,2802.29
0,CENTRO,2019,1,5,18,9,238.0,21.8,85.52,14,6,5,10646.12
1,CENTRO SUL,2019,1,5,12,2,238.0,21.8,85.52,3,0,2,3847.64
2,CRISTAL,2019,1,5,1,0,238.0,21.8,85.52,0,0,0,7056.38
3,CRUZEIRO,2019,1,5,4,0,238.0,21.8,85.52,1,0,0,9590.62
4,EIXO BALTAZAR,2019,1,5,36,36,238.0,21.8,85.52,18,3,0,8375.15
5,EXTREMO SUL,2019,1,5,0,1,238.0,21.8,85.52,2,1,0,300.6
6,GLORIA,2019,1,5,5,0,238.0,21.8,85.52,5,0,0,2324.68
7,HUMAITA NAVEGANTES,2019,1,5,3,2,238.0,21.8,85.52,6,1,1,2891.4
8,ILHAS,2019,1,5,0,0,238.0,21.8,85.52,0,0,0,188.46
9,LESTE,2019,1,5,18,5,238.0,21.8,85.52,10,2,2,7417.85
10,LOMBA DO PINHEIRO,2019,1,5,8,1,238.0,21.8,85.52,7,2,0,1230.31
11,NORDESTE,2019,1,5,12,2,238.0,21.8,85.52,5,2,1,5491.74
12,NOROESTE,2019,1,5,30,28,238.0,21.8,85.52,33,2,3,6310.17
13,NORTE,2019,1,5,269,117,238.0,21.8,85.52,186,57,3,3176.84
14,PARTENON,2019,1,5,15,2,238.0,21.8,85.52,5,9,2,8162.18
15,RESTINGA,2019,1,5,0,1,238.0,21.8,85.52,2,0,1,1574.92
16,SUL,2019,1,5,8,2,238.0,21.8,85.52,4,1,2,2802.29
0,CENTRO,2019,1,6,18,14,250.6,19.06,90.15,18,14,6,10646.12
1,CENTRO SUL,2019,1,6,5,12,250.6,19.06,90.15,12,3,0,3847.64
2,CRISTAL,2019,1,6,0,1,250.6,19.06,90.15,1,0,0,7056.38
3,CRUZEIRO,2019,1,6,0,4,250.6,19.06,90.15,4,1,0,9590.62
4,EIXO BALTAZAR,2019,1,6,16,35,250.6,19.06,90.15,36,18,3,8375.15
5,EXTREMO SUL,2019,1,6,2,1,250.6,19.06,90.15,0,2,1,300.6
6,GLORIA,2019,1,6,1,6,250.6,19.06,90.15,5,5,0,2324.68
7,HUMAITA NAVEGANTES,2019,1,6,4,5,250.6,19.06,90.15,3,6,1,2891.4
8,ILHAS,2019,1,6,0,0,250.6,19.06,90.15,0,0,0,188.46
9,LESTE,2019,1,6,37,26,250.6,19.06,90.15,18,10,2,7417.85
10,LOMBA DO PINHEIRO,2019,1,6,1,11,250.6,19.06,90.15,8,7,2,1230.31
11,NORDESTE,2019,1,6,6,15,250.6,19.06,90.15,12,5,2,5491.74
12,NOROESTE,2019,1,6,18,41,250.6,19.06,90.15,30,33,2,6310.17
13,NORTE,2019,1,6,82,154,250.6,19.06,90.15,269,186,57,3176.84
14,PARTENON,2019,1,6,9,9,250.6,19.06,90.15,15,5,9,8162.18
15,RESTINGA,2019,1,6,2,1,250.6,19.06,90.15,0,2,0,1574.92
16,SUL,2019,1,6,5,11,250.6,19.06,90.15,8,4,1,2802.29
0,CENTRO,2019,1,7,4,10,67.8,18.47,79.23,18,18,14,10646.12
1,CENTRO SUL,2019,1,7,1,8,67.8,18.47,79.23,5,12,3,3847.64
2,CRISTAL,2019,1,7,1,1,67.8,18.47,79.23,0,1,0,7056.38
3,CRUZEIRO,2019,1,7,1,7,67.8,18.47,79.23,0,4,1,9590.62
4,EIXO BALTAZAR,2019,1,7,3,6,67.8,18.47,79.23,16,36,18,8375.15
5,EXTREMO SUL,2019,1,7,1,4,67.8,18.47,79.23,2,0,2,300.6
6,GLORIA,2019,1,7,3,10,67.8,18.47,79.23,1,5,5,2324.68
7,HUMAITA NAVEGANTES,2019,1,7,0,10,67.8,18.47,79.23,4,3,6,2891.4
8,ILHAS,2019,1,7,0,0,67.8,18.47,79.23,0,0,0,188.46
9,LESTE,2019,1,7,12,25,67.8,18.47,79.23,37,18,10,7417.85
10,LOMBA DO PINHEIRO,2019,1,7,1,8,67.8,18.47,79.23,1,8,7,1230.31
11,NORDESTE,2019,1,7,3,7,67.8,18.47,79.23,6,12,5,5491.74
12,NOROESTE,2019,1,7,5,11,67.8,18.47,79.23,18,30,33,6310.17
13,NORTE,2019,1,7,19,41,67.8,18.47,79.23,82,269,186,3176.84
14,PARTENON,2019,1,7,4,6,67.8,18.47,79.23,9,15,5,8162.18
15,RESTINGA,2019,1,7,0,3,67.8,18.47,79.23,2,0,2,1574.92
16,SUL,2019,1,7,1,10,67.8,18.47,79.23,5,8,4,2802.29
0,CENTRO,2019,1,8,3,3,134.2,13.65,80.61,4,18,18,10646.12
1,CENTRO SUL,2019,1,8,3,1,134.2,13.65,80.61,1,5,12,3847.64
2,CRISTAL,2019,1,8,0,0,134.2,13.65,80.61,1,0,1,7056.38
3,CRUZEIRO,2019,1,8,1,0,134.2,13.65,80.61,1,0,4,9590.62
4,EIXO BALTAZAR,2019,1,8,1,2,134.2,13.65,80.61,3,16,36,8375.15
5,EXTREMO SUL,2019,1,8,0,1,134.2,13.65,80.61,1,2,0,300.6
6,GLORIA,2019,1,8,0,0,134.2,13.65,80.61,3,1,5,2324.68
7,HUMAITA NAVEGANTES,2019,1,8,0,0,134.2,13.65,80.61,0,4,3,2891.4
8,ILHAS,2019,1,8,0,0,134.2,13.65,80.61,0,0,0,188.46
9,LESTE,2019,1,8,4,5,134.2,13.65,80.61,12,37,18,7417.85
10,LOMBA DO PINHEIRO,2019,1,8,0,1,134.2,13.65,80.61,1,1,8,1230.31
11,NORDESTE,2019,1,8,2,1,134.2,13.65,80.61,3,6,12,5491.74
12,NOROESTE,2019,1,8,4,1,134.2,13.65,80.61,5,18,30,6310.17
13,NORTE,2019,1,8,6,12,134.2,13.65,80.61,19,82,269,3176.84
14,PARTENON,2019,1,8,4,1,134.2,13.65,80.61,4,9,15,8162.18
15,RESTINGA,2019,1,8,0,0,134.2,13.65,80.61,0,2,0,1574.92
16,SUL,2019,1,8,0,2,134.2,13.65,80.61,1,5,8,2802.29
0,CENTRO,2019,1,9,4,8,79.4,15.57,74.54,3,4,18,10646.12
1,CENTRO SUL,2019,1,9,1,3,79.4,15.57,74.54,3,1,5,3847.64
2,CRISTAL,2019,1,9,0,1,79.4,15.57,74.54,0,1,0,7056.38
3,CRUZEIRO,2019,1,9,0,0,79.4,15.57,74.54,1,1,0,9590.62
4,EIXO BALTAZAR,2019,1,9,2,9,79.4,15.57,74.54,1,3,16,8375.15
5,EXTREMO SUL,2019,1,9,0,2,79.4,15.57,74.54,0,1,2,300.6
6,GLORIA,2019,1,9,1,6,79.4,15.57,74.54,0,3,1,2324.68
7,HUMAITA NAVEGANTES,2019,1,9,0,4,79.4,15.57,74.54,0,0,4,2891.4
8,ILHAS,2019,1,9,1,0,79.4,15.57,74.54,0,0,0,188.46
9,LESTE,2019,1,9,3,8,79.4,15.57,74.54,4,12,37,7417.85
10,LOMBA DO PINHEIRO,2019,1,9,0,1,79.4,15.57,74.54,0,1,1,1230.31
11,NORDESTE,2019,1,9,1,9,79.4,15.57,74.54,2,3,6,5491.74
12,NOROESTE,2019,1,9,1,8,79.4,15.57,74.54,4,5,18,6310.17
13,NORTE,2019,1,9,2,7,79.4,15.57,74.54,6,19,82,3176.84
14,PARTENON,2019,1,9,1,8,79.4,15.57,74.54,4,4,9,8162.18
15,RESTINGA,2019,1,9,0,1,79.4,15.57,74.54,0,0,2,1574.92
16,SUL,2019,1,9,2,4,79.4,15.57,74.54,0,1,5,2802.29
0,CENTRO,2019,1,10,3,3,90.8,16.91,76.06,4,3,4,10646.12
1,CENTRO SUL,2019,1,10,1,0,90.8,16.91,76.06,1,3,1,3847.64
2,CRISTAL,2019,1,10,2,0,90.8,16.91,76.06,0,0,1,7056.38
3,CRUZEIRO,2019,1,10,0,0,90.8,16.91,76.06,0,1,1,9590.62
4,EIXO BALTAZAR,2019,1,10,1,2,90.8,16.91,76.06,2,1,3,8375.15
5,EXTREMO SUL,2019,1,10,0,1,90.8,16.91,76.06,0,0,1,300.6
6,GLORIA,2019,1,10,1,1,90.8,16.91,76.06,1,0,3,2324.68
7,HUMAITA NAVEGANTES,2019,1,10,1,1,90.8,16.91,76.06,0,0,0,2891.4
8,ILHAS,2019,1,10,0,0,90.8,16.91,76.06,1,0,0,188.46
9,LESTE,2019,1,10,1,5,90.8,16.91,76.06,3,4,12,7417.85
10,LOMBA DO PINHEIRO,2019,1,10,0,1,90.8,16.91,76.06,0,0,1,1230.31
11,NORDESTE,2019,1,10,0,1,90.8,16.91,76.06,1,2,3,5491.74
12,NOROESTE,2019,1,10,2,2,90.8,16.91,76.06,1,4,5,6310.17
13,NORTE,2019,1,10,4,4,90.8,16.91,76.06,2,6,19,3176.84
14,PARTENON,2019,1,10,0,1,90.8,16.91,76.06,1,4,4,8162.18
15,RESTINGA,2019,1,10,0,0,90.8,16.91,76.06,0,0,0,1574.92
16,SUL,2019,1,10,1,0,90.8,16.91,76.06,2,0,1,2802.29
0,CENTRO,2019,1,11,4,10,277.0,20.59,78.76,3,4,3,10646.12
1,CENTRO SUL,2019,1,11,1,4,277.0,20.59,78.76,1,1,3,3847.64
2,CRISTAL,2019,1,11,1,2,277.0,20.59,78.76,2,0,0,7056.38
3,CRUZEIRO,2019,1,11,1,1,277.0,20.59,78.76,0,0,1,9590.62
4,EIXO BALTAZAR,2019,1,11,0,3,277.0,20.59,78.76,1,2,1,8375.15
5,EXTREMO SUL,2019,1,11,1,1,277.0,20.59,78.76,0,0,0,300.6
6,GLORIA,2019,1,11,0,2,277.0,20.59,78.76,1,1,0,2324.68
7,HUMAITA NAVEGANTES,2019,1,11,0,2,277.0,20.59,78.76,1,0,0,2891.4
8,ILHAS,2019,1,11,0,2,277.0,20.59,78.76,0,1,0,188.46
9,LESTE,2019,1,11,1,7,277.0,20.59,78.76,1,3,4,7417.85
10,LOMBA DO PINHEIRO,2019,1,11,1,2,277.0,20.59,78.76,0,0,0,1230.31
11,NORDESTE,2019,1,11,0,3,277.0,20.59,78.76,0,1,2,5491.74
12,NOROESTE,2019,1,11,3,5,277.0,20.59,78.76,2,1,4,6310.17
13,NORTE,2019,1,11,7,7,277.0,20.59,78.76,4,2,6,3176.84
14,PARTENON,2019,1,11,0,5,277.0,20.59,78.76,0,1,4,8162.18
15,RESTINGA,2019,1,11,0,1,277.0,20.59,78.76,0,0,0,1574.92
16,SUL,2019,1,11,4,3,277.0,20.59,78.76,1,2,0,2802.29
0,CENTRO,2019,1,12,6,6,91.2,22.24,73.57,4,3,4,10646.12
1,CENTRO SUL,2019,1,12,0,0,91.2,22.24,73.57,1,1,1,3847.64
2,CRISTAL,2019,1,12,0,0,91.2,22.24,73.57,1,2,0,7056.38
3,CRUZEIRO,2019,1,12,3,1,91.2,22.24,73.57,1,0,0,9590.62
4,EIXO BALTAZAR,2019,1,12,0,2,91.2,22.24,73.57,0,1,2,8375.15
5,EXTREMO SUL,2019,1,12,0,1,91.2,22.24,73.57,1,0,0,300.6
6,GLORIA,2019,1,12,1,0,91.2,22.24,73.57,0,1,1,2324.68
7,HUMAITA NAVEGANTES,2019,1,12,0,0,91.2,22.24,73.57,0,1,0,2891.4
8,ILHAS,2019,1,12,0,0,91.2,22.24,73.57,0,0,1,188.46
9,LESTE,2019,1,12,5,1,91.2,22.24,73.57,1,1,3,7417.85
10,LOMBA DO PINHEIRO,2019,1,12,0,1,91.2,22.24,73.57,1,0,0,1230.31
11,NORDESTE,2019,1,12,2,1,91.2,22.24,73.57,0,0,1,5491.74
12,NOROESTE,2019,1,12,3,1,91.2,22.24,73.57,3,2,1,6310.17
13,NORTE,2019,1,12,3,5,91.2,22.24,73.57,7,4,2,3176.84
14,PARTENON,2019,1,12,3,1,91.2,22.24,73.57,0,0,1,8162.18
15,RESTINGA,2019,1,12,1,0,91.2,22.24,73.57,0,0,0,1574.92
16,SUL,2019,1,12,1,2,91.2,22.24,73.57,4,1,2,2802.29
0,CENTRO,2020,1,1,17,65,19.2,24.81,61.11,6,4,3,10646.12
1,CENTRO SUL,2020,1,1,1,19,19.2,24.81,61.11,0,1,1,3847.64
2,CRISTAL,2020,1,1,2,14,19.2,24.81,61.11,0,1,2,7056.38
3,CRUZEIRO,2020,1,1,0,62,19.2,24.81,61.11,3,1,0,9590.62
4,EIXO BALTAZAR,2020,1,1,1,16,19.2,24.81,61.11,0,0,1,8375.15
5,EXTREMO SUL,2020,1,1,0,8,19.2,24.81,61.11,0,1,0,300.6
6,GLORIA,2020,1,1,1,31,19.2,24.81,61.11,1,0,1,2324.68
7,HUMAITA NAVEGANTES,2020,1,1,1,15,19.2,24.81,61.11,0,0,1,2891.4
8,ILHAS,2020,1,1,0,3,19.2,24.81,61.11,0,0,0,188.46
9,LESTE,2020,1,1,1,69,19.2,24.81,61.11,5,1,1,7417.85
10,LOMBA DO PINHEIRO,2020,1,1,2,8,19.2,24.81,61.11,0,1,0,1230.31
11,NORDESTE,2020,1,1,2,9,19.2,24.81,61.11,2,0,0,5491.74
12,NOROESTE,2020,1,1,4,43,19.2,24.81,61.11,3,3,2,6310.17
13,NORTE,2020,1,1,7,0,19.2,24.81,61.11,3,7,4,3176.84
14,PARTENON,2020,1,1,6,59,19.2,24.81,61.11,3,0,0,8162.18
15,RESTINGA,2020,1,1,0,11,19.2,24.81,61.11,1,0,0,1574.92
16,SUL,2020,1,1,0,24,19.2,24.81,61.11,1,4,1,2802.29
0,CENTRO,2020,1,2,7,311,81.6,25.32,70.41,17,6,4,10646.12
1,CENTRO SUL,2020,1,2,4,9,81.6,25.32,70.41,1,0,1,3847.64
2,CRISTAL,2020,1,2,1,14,81.6,25.32,70.41,2,0,1,7056.38
3,CRUZEIRO,2020,1,2,1,2,81.6,25.32,70.41,0,3,1,9590.62
4,EIXO BALTAZAR,2020,1,2,5,5,81.6,25.32,70.41,1,0,0,8375.15
5,EXTREMO SUL,2020,1,2,1,0,81.6,25.32,70.41,0,0,1,300.6
6,GLORIA,2020,1,2,0,9,81.6,25.32,70.41,1,1,0,2324.68
7,HUMAITA NAVEGANTES,2020,1,2,2,7,81.6,25.32,70.41,1,0,0,2891.4
8,ILHAS,2020,1,2,0,0,81.6,25.32,70.41,0,0,0,188.46
9,LESTE,2020,1,2,4,7,81.6,25.32,70.41,1,5,1,7417.85
10,LOMBA DO PINHEIRO,2020,1,2,1,3,81.6,25.32,70.41,2,0,1,1230.31
11,NORDESTE,2020,1,2,2,0,81.6,25.32,70.41,2,2,0,5491.74
12,NOROESTE,2020,1,2,7,18,81.6,25.32,70.41,4,3,3,6310.17
13,NORTE,2020,1,2,5,6,81.6,25.32,70.41,7,3,7,3176.84
14,PARTENON,2020,1,2,3,18,81.6,25.32,70.41,6,3,0,8162.18
15,RESTINGA,2020,1,2,0,0,81.6,25.32,70.41,0,1,0,1574.92
16,SUL,2020,1,2,4,15,81.6,25.32,70.41,0,1,4,2802.29
0,CENTRO,2020,1,3,7,0,83.0,24.81,68.1,7,17,6,10646.12
1,CENTRO SUL,2020,1,3,2,27,83.0,24.81,68.1,4,1,0,3847.64
2,CRISTAL,2020,1,3,1,0,83.0,24.81,68.1,1,2,0,7056.38
3,CRUZEIRO,2020,1,3,0,2,83.0,24.81,68.1,1,0,3,9590.62
4,EIXO BALTAZAR,2020,1,3,0,1,83.0,24.81,68.1,5,1,0,8375.15
5,EXTREMO SUL,2020,1,3,0,0,83.0,24.81,68.1,1,0,0,300.6
6,GLORIA,2020,1,3,0,0,83.0,24.81,68.1,0,1,1,2324.68
7,HUMAITA NAVEGANTES,2020,1,3,1,5,83.0,24.81,68.1,2,1,0,2891.4
8,ILHAS,2020,1,3,0,0,83.0,24.81,68.1,0,0,0,188.46
9,LESTE,2020,1,3,2,5,83.0,24.81,68.1,4,1,5,7417.85
10,LOMBA DO PINHEIRO,2020,1,3,0,0,83.0,24.81,68.1,1,2,0,1230.31
11,NORDESTE,2020,1,3,0,3,83.0,24.81,68.1,2,2,2,5491.74
12,NOROESTE,2020,1,3,4,5,83.0,24.81,68.1,7,4,3,6310.17
13,NORTE,2020,1,3,1,11,83.0,24.81,68.1,5,7,3,3176.84
14,PARTENON,2020,1,3,1,2,83.0,24.81,68.1,3,6,3,8162.18
15,RESTINGA,2020,1,3,0,0,83.0,24.81,68.1,0,0,1,1574.92
16,SUL,2020,1,3,3,5,83.0,24.81,68.1,4,0,1,2802.29
0,CENTRO,2020,1,4,5,25,23.4,24.48,71.13,7,7,17,10646.12
1,CENTRO SUL,2020,1,4,1,17,23.4,24.48,71.13,2,4,1,3847.64
2,CRISTAL,2020,1,4,0,9,23.4,24.48,71.13,1,1,2,7056.38
3,CRUZEIRO,2020,1,4,0,8,23.4,24.48,71.13,0,1,0,9590.62
4,EIXO BALTAZAR,2020,1,4,0,7,23.4,24.48,71.13,0,5,1,8375.15
5,EXTREMO SUL,2020,1,4,0,9,23.4,24.48,71.13,0,1,0,300.6
6,GLORIA,2020,1,4,1,10,23.4,24.48,71.13,0,0,1,2324.68
7,HUMAITA NAVEGANTES,2020,1,4,0,5,23.4,24.48,71.13,1,2,1,2891.4
8,ILHAS,2020,1,4,0,7,23.4,24.48,71.13,0,0,0,188.46
9,LESTE,2020,1,4,1,11,23.4,24.48,71.13,2,4,1,7417.85
10,LOMBA DO PINHEIRO,2020,1,4,0,8,23.4,24.48,71.13,0,1,2,1230.31
11,NORDESTE,2020,1,4,0,3,23.4,24.48,71.13,0,2,2,5491.74
12,NOROESTE,2020,1,4,3,22,23.4,24.48,71.13,4,7,4,6310.17
13,NORTE,2020,1,4,0,11,23.4,24.48,71.13,1,5,7,3176.84
14,PARTENON,2020,1,4,3,12,23.4,24.48,71.13,1,3,6,8162.18
15,RESTINGA,2020,1,4,0,8,23.4,24.48,71.13,0,0,0,1574.92
16,SUL,2020,1,4,0,15,23.4,24.48,71.13,3,4,0,2802.29
0,CENTRO,2020,1,5,2,21,30.8,20.44,70.94,5,7,7,10646.12
1,CENTRO SUL,2020,1,5,1,4,30.8,20.44,70.94,1,2,4,3847.64
2,CRISTAL,2020,1,5,0,4,30.8,20.44,70.94,0,1,1,7056.38
3,CRUZEIRO,2020,1,5,0,4,30.8,20.44,70.94,0,0,1,9590.62
4,EIXO BALTAZAR,2020,1,5,1,6,30.8,20.44,70.94,0,0,5,8375.15
5,EXTREMO SUL,2020,1,5,0,1,30.8,20.44,70.94,0,0,1,300.6
6,GLORIA,2020,1,5,0,7,30.8,20.44,70.94,1,0,0,2324.68
7,HUMAITA NAVEGANTES,2020,1,5,1,3,30.8,20.44,70.94,0,1,2,2891.4
8,ILHAS,2020,1,5,0,1,30.8,20.44,70.94,0,0,0,188.46
9,LESTE,2020,1,5,1,4,30.8,20.44,70.94,1,2,4,7417.85
10,LOMBA DO PINHEIRO,2020,1,5,0,1,30.8,20.44,70.94,0,0,1,1230.31
11,NORDESTE,2020,1,5,0,4,30.8,20.44,70.94,0,0,2,5491.74
12,NOROESTE,2020,1,5,1,10,30.8,20.44,70.94,3,4,7,6310.17
13,NORTE,2020,1,5,1,4,30.8,20.44,70.94,0,1,5,3176.84
14,PARTENON,2020,1,5,0,9,30.8,20.44,70.94,3,1,3,8162.18
15,RESTINGA,2020,1,5,0,5,30.8,20.44,70.94,0,0,0,1574.92
16,SUL,2020,1,5,0,6,30.8,20.44,70.94,0,3,4,2802.29
0,CENTRO,2020,1,6,4,3,132.2,16.83,74.98,2,5,7,10646.12
1,CENTRO SUL,2020,1,6,0,1,132.2,16.83,74.98,1,1,2,3847.64
2,CRISTAL,2020,1,6,0,0,132.2,16.83,74.98,0,0,1,7056.38
3,CRUZEIRO,2020,1,6,0,0,132.2,16.83,74.98,0,0,0,9590.62
4,EIXO BALTAZAR,2020,1,6,2,0,132.2,16.83,74.98,1,0,0,8375.15
5,EXTREMO SUL,2020,1,6,0,1,132.2,16.83,74.98,0,0,0,300.6
6,GLORIA,2020,1,6,1,0,132.2,16.83,74.98,0,1,0,2324.68
7,HUMAITA NAVEGANTES,2020,1,6,0,0,132.2,16.83,74.98,1,0,1,2891.4
8,ILHAS,2020,1,6,0,0,132.2,16.83,74.98,0,0,0,188.46
9,LESTE,2020,1,6,0,1,132.2,16.83,74.98,1,1,2,7417.85
10,LOMBA DO PINHEIRO,2020,1,6,0,1,132.2,16.83,74.98,0,0,0,1230.31
11,NORDESTE,2020,1,6,0,0,132.2,16.83,74.98,0,0,0,5491.74
12,NOROESTE,2020,1,6,0,1,132.2,16.83,74.98,1,3,4,6310.17
13,NORTE,2020,1,6,0,1,132.2,16.83,74.98,1,0,1,3176.84
14,PARTENON,2020,1,6,1,0,132.2,16.83,74.98,0,3,1,8162.18
15,RESTINGA,2020,1,6,0,0,132.2,16.83,74.98,0,0,0,1574.92
16,SUL,2020,1,6,0,2,132.2,16.83,74.98,0,0,3,2802.29
0,CENTRO,2020,1,7,1,4,235.2,16.45,79.76,4,2,5,10646.12
1,CENTRO SUL,2020,1,7,0,0,235.2,16.45,79.76,0,1,1,3847.64
2,CRISTAL,2020,1,7,0,0,235.2,16.45,79.76,0,0,0,7056.38
3,CRUZEIRO,2020,1,7,0,0,235.2,16.45,79.76,0,0,0,9590.62
4,EIXO BALTAZAR,2020,1,7,1,1,235.2,16.45,79.76,2,1,0,8375.15
5,EXTREMO SUL,2020,1,7,0,1,235.2,16.45,79.76,0,0,0,300.6
6,GLORIA,2020,1,7,0,0,235.2,16.45,79.76,1,0,1,2324.68
7,HUMAITA NAVEGANTES,2020,1,7,0,0,235.2,16.45,79.76,0,1,0,2891.4
8,ILHAS,2020,1,7,0,0,235.2,16.45,79.76,0,0,0,188.46
9,LESTE,2020,1,7,0,0,235.2,16.45,79.76,0,1,1,7417.85
10,LOMBA DO PINHEIRO,2020,1,7,0,1,235.2,16.45,79.76,0,0,0,1230.31
11,NORDESTE,2020,1,7,0,0,235.2,16.45,79.76,0,0,0,5491.74
12,NOROESTE,2020,1,7,0,0,235.2,16.45,79.76,0,1,3,6310.17
13,NORTE,2020,1,7,0,1,235.2,16.45,79.76,0,1,0,3176.84
14,PARTENON,2020,1,7,1,0,235.2,16.45,79.76,1,0,3,8162.18
15,RESTINGA,2020,1,7,0,0,235.2,16.45,79.76,0,0,0,1574.92
16,SUL,2020,1,7,0,1,235.2,16.45,79.76,0,0,0,2802.29
0,CENTRO,2020,1,8,0,2,262.0,13.73,78.43,1,4,2,10646.12
1,CENTRO SUL,2020,1,8,0,1,262.0,13.73,78.43,0,0,1,3847.64
2,CRISTAL,2020,1,8,0,0,262.0,13.73,78.43,0,0,0,7056.38
3,CRUZEIRO,2020,1,8,0,1,262.0,13.73,78.43,0,0,0,9590.62
4,EIXO BALTAZAR,2020,1,8,0,1,262.0,13.73,78.43,1,2,1,8375.15
5,EXTREMO SUL,2020,1,8,0,1,262.0,13.73,78.43,0,0,0,300.6
6,GLORIA,2020,1,8,0,1,262.0,13.73,78.43,0,1,0,2324.68
7,HUMAITA NAVEGANTES,2020,1,8,0,1,262.0,13.73,78.43,0,0,1,2891.4
8,ILHAS,2020,1,8,0,0,262.0,13.73,78.43,0,0,0,188.46
9,LESTE,2020,1,8,0,1,262.0,13.73,78.43,0,0,1,7417.85
10,LOMBA DO PINHEIRO,2020,1,8,1,1,262.0,13.73,78.43,0,0,0,1230.31
11,NORDESTE,2020,1,8,0,0,262.0,13.73,78.43,0,0,0,5491.74
12,NOROESTE,2020,1,8,0,1,262.0,13.73,78.43,0,0,1,6310.17
13,NORTE,2020,1,8,0,1,262.0,13.73,78.43,0,0,1,3176.84
14,PARTENON,2020,1,8,0,1,262.0,13.73,78.43,1,1,0,8162.18
15,RESTINGA,2020,1,8,0,0,262.0,13.73,78.43,0,0,0,1574.92
16,SUL,2020,1,8,0,1,262.0,13.73,78.43,0,0,0,2802.29
0,CENTRO,2020,1,9,0,1,78.4,16.1,75.38,0,1,4,10646.12
1,CENTRO SUL,2020,1,9,0,1,78.4,16.1,75.38,0,0,0,3847.64
2,CRISTAL,2020,1,9,0,1,78.4,16.1,75.38,0,0,0,7056.38
3,CRUZEIRO,2020,1,9,0,1,78.4,16.1,75.38,0,0,0,9590.62
4,EIXO BALTAZAR,2020,1,9,1,1,78.4,16.1,75.38,0,1,2,8375.15
5,EXTREMO SUL,2020,1,9,0,1,78.4,16.1,75.38,0,0,0,300.6
6,GLORIA,2020,1,9,0,0,78.4,16.1,75.38,0,0,1,2324.68
7,HUMAITA NAVEGANTES,2020,1,9,0,1,78.4,16.1,75.38,0,0,0,2891.4
8,ILHAS,2020,1,9,0,1,78.4,16.1,75.38,0,0,0,188.46
9,LESTE,2020,1,9,0,1,78.4,16.1,75.38,0,0,0,7417.85
10,LOMBA DO PINHEIRO,2020,1,9,0,1,78.4,16.1,75.38,1,0,0,1230.31
11,NORDESTE,2020,1,9,1,1,78.4,16.1,75.38,0,0,0,5491.74
12,NOROESTE,2020,1,9,0,1,78.4,16.1,75.38,0,0,0,6310.17
13,NORTE,2020,1,9,0,1,78.4,16.1,75.38,0,0,0,3176.84
14,PARTENON,2020,1,9,0,1,78.4,16.1,75.38,0,1,1,8162.18
15,RESTINGA,2020,1,9,0,1,78.4,16.1,75.38,0,0,0,1574.92
16,SUL,2020,1,9,1,1,78.4,16.1,75.38,0,0,0,2802.29
0,CENTRO,2020,1,10,0,2,230.2,16.87,81.81,0,0,1,10646.12
1,CENTRO SUL,2020,1,10,0,1,230.2,16.87,81.81,0,0,0,3847.64
2,CRISTAL,2020,1,10,0,0,230.2,16.87,81.81,0,0,0,7056.38
3,CRUZEIRO,2020,1,10,0,1,230.2,16.87,81.81,0,0,0,9590.62
4,EIXO BALTAZAR,2020,1,10,0,1,230.2,16.87,81.81,1,0,1,8375.15
5,EXTREMO SUL,2020,1,10,0,0,230.2,16.87,81.81,0,0,0,300.6
6,GLORIA,2020,1,10,0,0,230.2,16.87,81.81,0,0,0,2324.68
7,HUMAITA NAVEGANTES,2020,1,10,0,1,230.2,16.87,81.81,0,0,0,2891.4
8,ILHAS,2020,1,10,0,0,230.2,16.87,81.81,0,0,0,188.46
9,LESTE,2020,1,10,1,1,230.2,16.87,81.81,0,0,0,7417.85
10,LOMBA DO PINHEIRO,2020,1,10,1,0,230.2,16.87,81.81,0,1,0,1230.31
11,NORDESTE,2020,1,10,0,1,230.2,16.87,81.81,1,0,0,5491.74
12,NOROESTE,2020,1,10,0,1,230.2,16.87,81.81,0,0,0,6310.17
13,NORTE,2020,1,10,1,1,230.2,16.87,81.81,0,0,0,3176.84
14,PARTENON,2020,1,10,0,0,230.2,16.87,81.81,0,0,1,8162.18
15,RESTINGA,2020,1,10,0,0,230.2,16.87,81.81,0,0,0,1574.92
16,SUL,2020,1,10,1,1,230.2,16.87,81.81,1,0,0,2802.29
0,CENTRO,2020,1,11,1,2,97.0,19.36,76.87,0,0,0,10646.12
1,CENTRO SUL,2020,1,11,0,2,97.0,19.36,76.87,0,0,0,3847.64
2,CRISTAL,2020,1,11,0,1,97.0,19.36,76.87,0,0,0,7056.38
3,CRUZEIRO,2020,1,11,0,1,97.0,19.36,76.87,0,0,0,9590.62
4,EIXO BALTAZAR,2020,1,11,1,2,97.0,19.36,76.87,0,1,0,8375.15
5,EXTREMO SUL,2020,1,11,0,1,97.0,19.36,76.87,0,0,0,300.6
6,GLORIA,2020,1,11,0,1,97.0,19.36,76.87,0,0,0,2324.68
7,HUMAITA NAVEGANTES,2020,1,11,0,2,97.0,19.36,76.87,0,0,0,2891.4
8,ILHAS,2020,1,11,0,1,97.0,19.36,76.87,0,0,0,188.46
9,LESTE,2020,1,11,1,2,97.0,19.36,76.87,1,0,0,7417.85
10,LOMBA DO PINHEIRO,2020,1,11,0,3,97.0,19.36,76.87,1,0,1,1230.31
11,NORDESTE,2020,1,11,0,1,97.0,19.36,76.87,0,1,0,5491.74
12,NOROESTE,2020,1,11,0,2,97.0,19.36,76.87,0,0,0,6310.17
13,NORTE,2020,1,11,2,5,97.0,19.36,76.87,1,0,0,3176.84
14,PARTENON,2020,1,11,0,3,97.0,19.36,76.87,0,0,0,8162.18
15,RESTINGA,2020,1,11,0,1,97.0,19.36,76.87,0,0,0,1574.92
16,SUL,2020,1,11,1,1,97.0,19.36,76.87,1,1,0,2802.29
0,CENTRO,2020,1,12,2,4,52.4,21.7,72.57,1,0,0,10646.12
1,CENTRO SUL,2020,1,12,0,1,52.4,21.7,72.57,0,0,0,3847.64
2,CRISTAL,2020,1,12,0,1,52.4,21.7,72.57,0,0,0,7056.38
3,CRUZEIRO,2020,1,12,0,2,52.4,21.7,72.57,0,0,0,9590.62
4,EIXO BALTAZAR,2020,1,12,0,3,52.4,21.7,72.57,1,0,1,8375.15
5,EXTREMO SUL,2020,1,12,0,1,52.4,21.7,72.57,0,0,0,300.6
6,GLORIA,2020,1,12,0,1,52.4,21.7,72.57,0,0,0,2324.68
7,HUMAITA NAVEGANTES,2020,1,12,0,1,52.4,21.7,72.57,0,0,0,2891.4
8,ILHAS,2020,1,12,0,1,52.4,21.7,72.57,0,0,0,188.46
9,LESTE,2020,1,12,0,3,52.4,21.7,72.57,1,1,0,7417.85
10,LOMBA DO PINHEIRO,2020,1,12,0,2,52.4,21.7,72.57,0,1,0,1230.31
11,NORDESTE,2020,1,12,0,1,52.4,21.7,72.57,0,0,1,5491.74
12,NOROESTE,2020,1,12,0,2,52.4,21.7,72.57,0,0,0,6310.17
13,NORTE,2020,1,12,0,3,52.4,21.7,72.57,2,1,0,3176.84
14,PARTENON,2020,1,12,1,3,52.4,21.7,72.57,0,0,0,8162.18
15,RESTINGA,2020,1,12,0,1,52.4,21.7,72.57,0,0,0,1574.92
16,SUL,2020,1,12,0,1,52.4,21.7,72.57,1,1,1,2802.29
0,CENTRO,2021,1,1,0,4,104.4,23.86,71.45,2,1,0,10646.12
1,CENTRO SUL,2021,1,1,1,0,104.4,23.86,71.45,0,0,0,3847.64
2,CRISTAL,2021,1,1,0,0,104.4,23.86,71.45,0,0,0,7056.38
3,CRUZEIRO,2021,1,1,0,1,104.4,23.86,71.45,0,0,0,9590.62
4,EIXO BALTAZAR,2021,1,1,1,1,104.4,23.86,71.45,0,1,0,8375.15
5,EXTREMO SUL,2021,1,1,0,0,104.4,23.86,71.45,0,0,0,300.6
6,GLORIA,2021,1,1,0,0,104.4,23.86,71.45,0,0,0,2324.68
7,HUMAITA NAVEGANTES,2021,1,1,0,1,104.4,23.86,71.45,0,0,0,2891.4
8,ILHAS,2021,1,1,0,0,104.4,23.86,71.45,0,0,0,188.46
9,LESTE,2021,1,1,0,1,104.4,23.86,71.45,0,1,1,7417.85
10,LOMBA DO PINHEIRO,2021,1,1,2,1,104.4,23.86,71.45,0,0,1,1230.31
11,NORDESTE,2021,1,1,0,1,104.4,23.86,71.45,0,0,0,5491.74
12,NOROESTE,2021,1,1,1,1,104.4,23.86,71.45,0,0,0,6310.17
13,NORTE,2021,1,1,0,2,104.4,23.86,71.45,0,2,1,3176.84
14,PARTENON,2021,1,1,2,2,104.4,23.86,71.45,1,0,0,8162.18
15,RESTINGA,2021,1,1,1,0,104.4,23.86,71.45,0,0,0,1574.92
16,SUL,2021,1,1,0,0,104.4,23.86,71.45,0,1,1,2802.29
0,CENTRO,2021,1,2,0,16,129.0,24.93,70.98,0,2,1,10646.12
1,CENTRO SUL,2021,1,2,1,13,129.0,24.93,70.98,1,0,0,3847.64
2,CRISTAL,2021,1,2,0,11,129.0,24.93,70.98,0,0,0,7056.38
3,CRUZEIRO,2021,1,2,1,10,129.0,24.93,70.98,0,0,0,9590.62
4,EIXO BALTAZAR,2021,1,2,0,14,129.0,24.93,70.98,1,0,1,8375.15
5,EXTREMO SUL,2021,1,2,0,4,129.0,24.93,70.98,0,0,0,300.6
6,GLORIA,2021,1,2,0,13,129.0,24.93,70.98,0,0,0,2324.68
7,HUMAITA NAVEGANTES,2021,1,2,1,13,129.0,24.93,70.98,0,0,0,2891.4
8,ILHAS,2021,1,2,0,3,129.0,24.93,70.98,0,0,0,188.46
9,LESTE,2021,1,2,0,15,129.0,24.93,70.98,0,0,1,7417.85
10,LOMBA DO PINHEIRO,2021,1,2,0,6,129.0,24.93,70.98,2,0,0,1230.31
11,NORDESTE,2021,1,2,0,10,129.0,24.93,70.98,0,0,0,5491.74
12,NOROESTE,2021,1,2,1,12,129.0,24.93,70.98,1,0,0,6310.17
13,NORTE,2021,1,2,0,12,129.0,24.93,70.98,0,0,2,3176.84
14,PARTENON,2021,1,2,3,11,129.0,24.93,70.98,2,1,0,8162.18
15,RESTINGA,2021,1,2,0,9,129.0,24.93,70.98,1,0,0,1574.92
16,SUL,2021,1,2,0,15,129.0,24.93,70.98,0,0,1,2802.29
0,CENTRO,2021,1,3,1,3,30.2,24.56,72.08,0,0,2,10646.12
1,CENTRO SUL,2021,1,3,0,1,30.2,24.56,72.08,1,1,0,3847.64
2,CRISTAL,2021,1,3,0,0,30.2,24.56,72.08,0,0,0,7056.38
3,CRUZEIRO,2021,1,3,1,0,30.2,24.56,72.08,1,0,0,9590.62
4,EIXO BALTAZAR,2021,1,3,1,1,30.2,24.56,72.08,0,1,0,8375.15
5,EXTREMO SUL,2021,1,3,0,0,30.2,24.56,72.08,0,0,0,300.6
6,GLORIA,2021,1,3,0,1,30.2,24.56,72.08,0,0,0,2324.68
7,HUMAITA NAVEGANTES,2021,1,3,0,0,30.2,24.56,72.08,1,0,0,2891.4
8,ILHAS,2021,1,3,0,0,30.2,24.56,72.08,0,0,0,188.46
9,LESTE,2021,1,3,3,1,30.2,24.56,72.08,0,0,0,7417.85
10,LOMBA DO PINHEIRO,2021,1,3,1,1,30.2,24.56,72.08,0,2,0,1230.31
11,NORDESTE,2021,1,3,0,0,30.2,24.56,72.08,0,0,0,5491.74
12,NOROESTE,2021,1,3,1,0,30.2,24.56,72.08,1,1,0,6310.17
13,NORTE,2021,1,3,1,2,30.2,24.56,72.08,0,0,0,3176.84
14,PARTENON,2021,1,3,0,0,30.2,24.56,72.08,3,2,1,8162.18
15,RESTINGA,2021,1,3,0,0,30.2,24.56,72.08,0,1,0,1574.92
16,SUL,2021,1,3,0,1,30.2,24.56,72.08,0,0,0,2802.29
0,CENTRO,2021,1,4,4,3,79.2,23.69,77.53,1,0,0,10646.12
1,CENTRO SUL,2021,1,4,3,1,79.2,23.69,77.53,0,1,1,3847.64
2,CRISTAL,2021,1,4,1,1,79.2,23.69,77.53,0,0,0,7056.38
3,CRUZEIRO,2021,1,4,2,2,79.2,23.69,77.53,1,1,0,9590.62
4,EIXO BALTAZAR,2021,1,4,1,2,79.2,23.69,77.53,1,0,1,8375.15
5,EXTREMO SUL,2021,1,4,0,1,79.2,23.69,77.53,0,0,0,300.6
6,GLORIA,2021,1,4,0,1,79.2,23.69,77.53,0,0,0,2324.68
7,HUMAITA NAVEGANTES,2021,1,4,15,1,79.2,23.69,77.53,0,1,0,2891.4
8,ILHAS,2021,1,4,0,0,79.2,23.69,77.53,0,0,0,188.46
9,LESTE,2021,1,4,0,6,79.2,23.69,77.53,3,0,0,7417.85
10,LOMBA DO PINHEIRO,2021,1,4,1,2,79.2,23.69,77.53,1,0,2,1230.31
11,NORDESTE,2021,1,4,0,1,79.2,23.69,77.53,0,0,0,5491.74
12,NOROESTE,2021,1,4,1,3,79.2,23.69,77.53,1,1,1,6310.17
13,NORTE,2021,1,4,1,3,79.2,23.69,77.53,1,0,0,3176.84
14,PARTENON,2021,1,4,26,4,79.2,23.69,77.53,0,3,2,8162.18
15,RESTINGA,2021,1,4,0,1,79.2,23.69,77.53,0,0,1,1574.92
16,SUL,2021,1,4,0,1,79.2,23.69,77.53,0,0,0,2802.29
0,CENTRO,2021,1,5,6,41,27.0,21.77,71.68,4,1,0,10646.12
1,CENTRO SUL,2021,1,5,1,36,27.0,21.77,71.68,3,0,1,3847.64
2,CRISTAL,2021,1,5,0,11,27.0,21.77,71.68,1,0,0,7056.38
3,CRUZEIRO,2021,1,5,0,14,27.0,21.77,71.68,2,1,1,9590.62
4,EIXO BALTAZAR,2021,1,5,3,5,27.0,21.77,71.68,1,1,0,8375.15
5,EXTREMO SUL,2021,1,5,0,2,27.0,21.77,71.68,0,0,0,300.6
6,GLORIA,2021,1,5,4,17,27.0,21.77,71.68,0,0,0,2324.68
7,HUMAITA NAVEGANTES,2021,1,5,16,306,27.0,21.77,71.68,15,0,1,2891.4
8,ILHAS,2021,1,5,0,0,27.0,21.77,71.68,0,0,0,188.46
9,LESTE,2021,1,5,0,7,27.0,21.77,71.68,0,3,0,7417.85
10,LOMBA DO PINHEIRO,2021,1,5,3,0,27.0,21.77,71.68,1,1,0,1230.31
11,NORDESTE,2021,1,5,1,10,27.0,21.77,71.68,0,0,0,5491.74
12,NOROESTE,2021,1,5,2,13,27.0,21.77,71.68,1,1,1,6310.17
13,NORTE,2021,1,5,5,4,27.0,21.77,71.68,1,1,0,3176.84
14,PARTENON,2021,1,5,9,524,27.0,21.77,71.68,26,0,3,8162.18
15,RESTINGA,2021,1,5,0,4,27.0,21.77,71.68,0,0,0,1574.92
16,SUL,2021,1,5,0,17,27.0,21.77,71.68,0,0,0,2802.29
0,CENTRO,2021,1,6,1,1,164.8,15.51,76.38,6,4,1,10646.12
1,CENTRO SUL,2021,1,6,1,0,164.8,15.51,76.38,1,3,0,3847.64
2,CRISTAL,2021,1,6,0,1,164.8,15.51,76.38,0,1,0,7056.38
3,CRUZEIRO,2021,1,6,0,0,164.8,15.51,76.38,0,2,1,9590.62
4,EIXO BALTAZAR,2021,1,6,1,2,164.8,15.51,76.38,3,1,1,8375.15
5,EXTREMO SUL,2021,1,6,0,0,164.8,15.51,76.38,0,0,0,300.6
6,GLORIA,2021,1,6,0,1,164.8,15.51,76.38,4,0,0,2324.68
7,HUMAITA NAVEGANTES,2021,1,6,2,21,164.8,15.51,76.38,16,15,0,2891.4
8,ILHAS,2021,1,6,0,0,164.8,15.51,76.38,0,0,0,188.46
9,LESTE,2021,1,6,0,2,164.8,15.51,76.38,0,0,3,7417.85
10,LOMBA DO PINHEIRO,2021,1,6,0,2,164.8,15.51,76.38,3,1,1,1230.31
11,NORDESTE,2021,1,6,2,1,164.8,15.51,76.38,1,0,0,5491.74
12,NOROESTE,2021,1,6,0,2,164.8,15.51,76.38,2,1,1,6310.17
13,NORTE,2021,1,6,0,3,164.8,15.51,76.38,5,1,1,3176.84
14,PARTENON,2021,1,6,0,4,164.8,15.51,76.38,9,26,0,8162.18
15,RESTINGA,2021,1,6,0,0,164.8,15.51,76.38,0,0,0,1574.92
16,SUL,2021,1,6,1,0,164.8,15.51,76.38,0,0,0,2802.29
0,CENTRO,2021,1,7,1,1,173.2,14.38,81.87,1,6,4,10646.12
1,CENTRO SUL,2021,1,7,1,0,173.2,14.38,81.87,1,1,3,3847.64
2,CRISTAL,2021,1,7,0,0,173.2,14.38,81.87,0,0,1,7056.38
3,CRUZEIRO,2021,1,7,0,0,173.2,14.38,81.87,0,0,2,9590.62
4,EIXO BALTAZAR,2021,1,7,0,0,173.2,14.38,81.87,1,3,1,8375.15
5,EXTREMO SUL,2021,1,7,0,0,173.2,14.38,81.87,0,0,0,300.6
6,GLORIA,2021,1,7,2,0,173.2,14.38,81.87,0,4,0,2324.68
7,HUMAITA NAVEGANTES,2021,1,7,2,0,173.2,14.38,81.87,2,16,15,2891.4
8,ILHAS,2021,1,7,0,0,173.2,14.38,81.87,0,0,0,188.46
9,LESTE,2021,1,7,0,0,173.2,14.38,81.87,0,0,0,7417.85
10,LOMBA DO PINHEIRO,2021,1,7,0,0,173.2,14.38,81.87,0,3,1,1230.31
11,NORDESTE,2021,1,7,0,0,173.2,14.38,81.87,2,1,0,5491.74
12,NOROESTE,2021,1,7,0,1,173.2,14.38,81.87,0,2,1,6310.17
13,NORTE,2021,1,7,1,0,173.2,14.38,81.87,0,5,1,3176.84
14,PARTENON,2021,1,7,0,1,173.2,14.38,81.87,0,9,26,8162.18
15,RESTINGA,2021,1,7,0,0,173.2,14.38,81.87,0,0,0,1574.92
16,SUL,2021,1,7,1,0,173.2,14.38,81.87,1,0,0,2802.29
0,CENTRO,2021,1,8,0,2,46.6,13.59,77.22,1,1,6,10646.12
1,CENTRO SUL,2021,1,8,0,0,46.6,13.59,77.22,1,1,1,3847.64
2,CRISTAL,2021,1,8,0,1,46.6,13.59,77.22,0,0,0,7056.38
3,CRUZEIRO,2021,1,8,0,1,46.6,13.59,77.22,0,0,0,9590.62
4,EIXO BALTAZAR,2021,1,8,0,1,46.6,13.59,77.22,0,1,3,8375.15
5,EXTREMO SUL,2021,1,8,0,0,46.6,13.59,77.22,0,0,0,300.6
6,GLORIA,2021,1,8,0,1,46.6,13.59,77.22,2,0,4,2324.68
7,HUMAITA NAVEGANTES,2021,1,8,0,1,46.6,13.59,77.22,2,2,16,2891.4
8,ILHAS,2021,1,8,0,0,46.6,13.59,77.22,0,0,0,188.46
9,LESTE,2021,1,8,0,1,46.6,13.59,77.22,0,0,0,7417.85
10,LOMBA DO PINHEIRO,2021,1,8,0,1,46.6,13.59,77.22,0,0,3,1230.31
11,NORDESTE,2021,1,8,0,0,46.6,13.59,77.22,0,2,1,5491.74
12,NOROESTE,2021,1,8,1,1,46.6,13.59,77.22,0,0,2,6310.17
13,NORTE,2021,1,8,0,1,46.6,13.59,77.22,1,0,5,3176.84
14,PARTENON,2021,1,8,0,1,46.6,13.59,77.22,0,0,9,8162.18
15,RESTINGA,2021,1,8,0,0,46.6,13.59,77.22,0,0,0,1574.92
16,SUL,2021,1,8,0,1,46.6,13.59,77.22,1,1,0,2802.29
0,CENTRO,2021,1,9,1,1,135.0,16.54,80.21,0,1,1,10646.12
1,CENTRO SUL,2021,1,9,0,1,135.0,16.54,80.21,0,1,1,3847.64
2,CRISTAL,2021,1,9,0,1,135.0,16.54,80.21,0,0,0,7056.38
3,CRUZEIRO,2021,1,9,0,1,135.0,16.54,80.21,0,0,0,9590.62
4,EIXO BALTAZAR,2021,1,9,0,1,135.0,16.54,80.21,0,0,1,8375.15
5,EXTREMO SUL,2021,1,9,2,0,135.0,16.54,80.21,0,0,0,300.6
6,GLORIA,2021,1,9,0,0,135.0,16.54,80.21,0,2,0,2324.68
7,HUMAITA NAVEGANTES,2021,1,9,0,0,135.0,16.54,80.21,0,2,2,2891.4
8,ILHAS,2021,1,9,0,0,135.0,16.54,80.21,0,0,0,188.46
9,LESTE,2021,1,9,0,0,135.0,16.54,80.21,0,0,0,7417.85
10,LOMBA DO PINHEIRO,2021,1,9,0,0,135.0,16.54,80.21,0,0,0,1230.31
11,NORDESTE,2021,1,9,0,1,135.0,16.54,80.21,0,0,2,5491.74
12,NOROESTE,2021,1,9,1,1,135.0,16.54,80.21,1,0,0,6310.17
13,NORTE,2021,1,9,0,2,135.0,16.54,80.21,0,1,0,3176.84
14,PARTENON,2021,1,9,0,1,135.0,16.54,80.21,0,0,0,8162.18
15,RESTINGA,2021,1,9,0,0,135.0,16.54,80.21,0,0,0,1574.92
16,SUL,2021,1,9,0,1,135.0,16.54,80.21,0,1,1,2802.29
0,CENTRO,2021,1,10,2,1,202.2,18.21,79.4,1,0,1,10646.12
1,CENTRO SUL,2021,1,10,0,0,202.2,18.21,79.4,0,0,1,3847.64
2,CRISTAL,2021,1,10,0,0,202.2,18.21,79.4,0,0,0,7056.38
3,CRUZEIRO,2021,1,10,0,0,202.2,18.21,79.4,0,0,0,9590.62
4,EIXO BALTAZAR,2021,1,10,1,0,202.2,18.21,79.4,0,0,0,8375.15
5,EXTREMO SUL,2021,1,10,2,0,202.2,18.21,79.4,2,0,0,300.6
6,GLORIA,2021,1,10,0,0,202.2,18.21,79.4,0,0,2,2324.68
7,HUMAITA NAVEGANTES,2021,1,10,0,0,202.2,18.21,79.4,0,0,2,2891.4
8,ILHAS,2021,1,10,0,0,202.2,18.21,79.4,0,0,0,188.46
9,LESTE,2021,1,10,0,1,202.2,18.21,79.4,0,0,0,7417.85
10,LOMBA DO PINHEIRO,2021,1,10,0,1,202.2,18.21,79.4,0,0,0,1230.31
11,NORDESTE,2021,1,10,0,0,202.2,18.21,79.4,0,0,0,5491.74
12,NOROESTE,2021,1,10,0,1,202.2,18.21,79.4,1,1,0,6310.17
13,NORTE,2021,1,10,0,0,202.2,18.21,79.4,0,0,1,3176.84
14,PARTENON,2021,1,10,1,1,202.2,18.21,79.4,0,0,0,8162.18
15,RESTINGA,2021,1,10,0,0,202.2,18.21,79.4,0,0,0,1574.92
16,SUL,2021,1,10,0,0,202.2,18.21,79.4,0,0,1,2802.29
0,CENTRO,2021,1,11,2,1,60.4,19.68,71.96,2,1,0,10646.12
1,CENTRO SUL,2021,1,11,0,0,60.4,19.68,71.96,0,0,0,3847.64
2,CRISTAL,2021,1,11,0,0,60.4,19.68,71.96,0,0,0,7056.38
3,CRUZEIRO,2021,1,11,1,0,60.4,19.68,71.96,0,0,0,9590.62
4,EIXO BALTAZAR,2021,1,11,1,0,60.4,19.68,71.96,1,0,0,8375.15
5,EXTREMO SUL,2021,1,11,0,1,60.4,19.68,71.96,2,2,0,300.6
6,GLORIA,2021,1,11,0,0,60.4,19.68,71.96,0,0,0,2324.68
7,HUMAITA NAVEGANTES,2021,1,11,0,0,60.4,19.68,71.96,0,0,0,2891.4
8,ILHAS,2021,1,11,0,0,60.4,19.68,71.96,0,0,0,188.46
9,LESTE,2021,1,11,3,0,60.4,19.68,71.96,0,0,0,7417.85
10,LOMBA DO PINHEIRO,2021,1,11,0,0,60.4,19.68,71.96,0,0,0,1230.31
11,NORDESTE,2021,1,11,0,0,60.4,19.68,71.96,0,0,0,5491.74
12,NOROESTE,2021,1,11,0,1,60.4,19.68,71.96,0,1,1,6310.17
13,NORTE,2021,1,11,0,0,60.4,19.68,71.96,0,0,0,3176.84
14,PARTENON,2021,1,11,1,0,60.4,19.68,71.96,1,0,0,8162.18
15,RESTINGA,2021,1,11,0,0,60.4,19.68,71.96,0,0,0,1574.92
16,SUL,2021,1,11,1,0,60.4,19.68,71.96,0,0,0,2802.29
0,CENTRO,2021,1,12,3,0,85.0,21.9,69.75,2,2,1,10646.12
1,CENTRO SUL,2021,1,12,0,0,85.0,21.9,69.75,0,0,0,3847.64
2,CRISTAL,2021,1,12,0,1,85.0,21.9,69.75,0,0,0,7056.38
3,CRUZEIRO,2021,1,12,0,1,85.0,21.9,69.75,1,0,0,9590.62
4,EIXO BALTAZAR,2021,1,12,2,1,85.0,21.9,69.75,1,1,0,8375.15
5,EXTREMO SUL,2021,1,12,0,0,85.0,21.9,69.75,0,2,2,300.6
6,GLORIA,2021,1,12,0,0,85.0,21.9,69.75,0,0,0,2324.68
7,HUMAITA NAVEGANTES,2021,1,12,0,0,85.0,21.9,69.75,0,0,0,2891.4
8,ILHAS,2021,1,12,0,0,85.0,21.9,69.75,0,0,0,188.46
9,LESTE,2021,1,12,1,0,85.0,21.9,69.75,3,0,0,7417.85
10,LOMBA DO PINHEIRO,2021,1,12,0,0,85.0,21.9,69.75,0,0,0,1230.31
11,NORDESTE,2021,1,12,0,0,85.0,21.9,69.75,0,0,0,5491.74
12,NOROESTE,2021,1,12,1,1,85.0,21.9,69.75,0,0,1,6310.17
13,NORTE,2021,1,12,1,0,85.0,21.9,69.75,0,0,0,3176.84
14,PARTENON,2021,1,12,0,1,85.0,21.9,69.75,1,1,0,8162.18
15,RESTINGA,2021,1,12,1,0,85.0,21.9,69.75,0,0,0,1574.92
16,SUL,2021,1,12,1,0,85.0,21.9,69.75,1,0,0,2802.29
0,CENTRO,2022,1,1,3,2,88.4,23.12,72.17,3,2,2,10646.12
1,CENTRO SUL,2022,1,1,1,0,88.4,23.12,72.17,0,0,0,3847.64
2,CRISTAL,2022,1,1,1,0,88.4,23.12,72.17,0,0,0,7056.38
3,CRUZEIRO,2022,1,1,1,0,88.4,23.12,72.17,0,1,0,9590.62
4,EIXO BALTAZAR,2022,1,1,2,1,88.4,23.12,72.17,2,1,1,8375.15
5,EXTREMO SUL,2022,1,1,2,0,88.4,23.12,72.17,0,0,2,300.6
6,GLORIA,2022,1,1,0,0,88.4,23.12,72.17,0,0,0,2324.68
7,HUMAITA NAVEGANTES,2022,1,1,2,0,88.4,23.12,72.17,0,0,0,2891.4
8,ILHAS,2022,1,1,0,0,88.4,23.12,72.17,0,0,0,188.46
9,LESTE,2022,1,1,1,1,88.4,23.12,72.17,1,3,0,7417.85
10,LOMBA DO PINHEIRO,2022,1,1,2,0,88.4,23.12,72.17,0,0,0,1230.31
11,NORDESTE,2022,1,1,1,0,88.4,23.12,72.17,0,0,0,5491.74
12,NOROESTE,2022,1,1,0,0,88.4,23.12,72.17,1,0,0,6310.17
13,NORTE,2022,1,1,1,1,88.4,23.12,72.17,1,0,0,3176.84
14,PARTENON,2022,1,1,0,0,88.4,23.12,72.17,0,1,1,8162.18
15,RESTINGA,2022,1,1,0,0,88.4,23.12,72.17,1,0,0,1574.92
16,SUL,2022,1,1,1,0,88.4,23.12,72.17,1,1,0,2802.29
0,CENTRO,2022,1,2,5,10,195.2,26.21,71.14,3,3,2,10646.12
1,CENTRO SUL,2022,1,2,3,6,195.2,26.21,71.14,1,0,0,3847.64
2,CRISTAL,2022,1,2,0,4,195.2,26.21,71.14,1,0,0,7056.38
3,CRUZEIRO,2022,1,2,2,7,195.2,26.21,71.14,1,0,1,9590.62
4,EIXO BALTAZAR,2022,1,2,2,4,195.2,26.21,71.14,2,2,1,8375.15
5,EXTREMO SUL,2022,1,2,0,1,195.2,26.21,71.14,2,0,0,300.6
6,GLORIA,2022,1,2,0,4,195.2,26.21,71.14,0,0,0,2324.68
7,HUMAITA NAVEGANTES,2022,1,2,0,3,195.2,26.21,71.14,2,0,0,2891.4
8,ILHAS,2022,1,2,0,1,195.2,26.21,71.14,0,0,0,188.46
9,LESTE,2022,1,2,17,7,195.2,26.21,71.14,1,1,3,7417.85
10,LOMBA DO PINHEIRO,2022,1,2,2,1,195.2,26.21,71.14,2,0,0,1230.31
11,NORDESTE,2022,1,2,2,5,195.2,26.21,71.14,1,0,0,5491.74
12,NOROESTE,2022,1,2,2,4,195.2,26.21,71.14,0,1,0,6310.17
13,NORTE,2022,1,2,3,8,195.2,26.21,71.14,1,1,0,3176.84
14,PARTENON,2022,1,2,8,6,195.2,26.21,71.14,0,0,1,8162.18
15,RESTINGA,2022,1,2,0,2,195.2,26.21,71.14,0,1,0,1574.92
16,SUL,2022,1,2,2,5,195.2,26.21,71.14,1,1,1,2802.29
0,CENTRO,2022,1,3,125,5,29.0,25.2,71.01,5,3,3,10646.12
1,CENTRO SUL,2022,1,3,164,7,29.0,25.2,71.01,3,1,0,3847.64
2,CRISTAL,2022,1,3,26,1,29.0,25.2,71.01,0,1,0,7056.38
3,CRUZEIRO,2022,1,3,32,0,29.0,25.2,71.01,2,1,0,9590.62
4,EIXO BALTAZAR,2022,1,3,34,2,29.0,25.2,71.01,2,2,2,8375.15
5,EXTREMO SUL,2022,1,3,14,0,29.0,25.2,71.01,0,2,0,300.6
6,GLORIA,2022,1,3,56,1,29.0,25.2,71.01,0,0,0,2324.68
7,HUMAITA NAVEGANTES,2022,1,3,12,2,29.0,25.2,71.01,0,2,0,2891.4
8,ILHAS,2022,1,3,3,0,29.0,25.2,71.01,0,0,0,188.46
9,LESTE,2022,1,3,725,18,29.0,25.2,71.01,17,1,1,7417.85
10,LOMBA DO PINHEIRO,2022,1,3,17,1,29.0,25.2,71.01,2,2,0,1230.31
11,NORDESTE,2022,1,3,19,1,29.0,25.2,71.01,2,1,0,5491.74
12,NOROESTE,2022,1,3,77,2,29.0,25.2,71.01,2,0,1,6310.17
13,NORTE,2022,1,3,28,9,29.0,25.2,71.01,3,1,1,3176.84
14,PARTENON,2022,1,3,145,5,29.0,25.2,71.01,8,0,0,8162.18
15,RESTINGA,2022,1,3,18,1,29.0,25.2,71.01,0,0,1,1574.92
16,SUL,2022,1,3,85,1,29.0,25.2,71.01,2,1,1,2802.29
0,CENTRO,2022,1,4,345,136,184.8,22.67,76.84,125,5,3,10646.12
1,CENTRO SUL,2022,1,4,248,182,184.8,22.67,76.84,164,3,1,3847.64
2,CRISTAL,2022,1,4,96,33,184.8,22.67,76.84,26,0,1,7056.38
3,CRUZEIRO,2022,1,4,72,22,184.8,22.67,76.84,32,2,1,9590.62
4,EIXO BALTAZAR,2022,1,4,145,25,184.8,22.67,76.84,34,2,2,8375.15
5,EXTREMO SUL,2022,1,4,42,15,184.8,22.67,76.84,14,0,2,300.6
6,GLORIA,2022,1,4,118,97,184.8,22.67,76.84,56,0,0,2324.68
7,HUMAITA NAVEGANTES,2022,1,4,63,11,184.8,22.67,76.84,12,0,2,2891.4
8,ILHAS,2022,1,4,4,2,184.8,22.67,76.84,3,0,0,188.46
9,LESTE,2022,1,4,1200,158,184.8,22.67,76.84,725,17,1,7417.85
10,LOMBA DO PINHEIRO,2022,1,4,79,53,184.8,22.67,76.84,17,2,2,1230.31
11,NORDESTE,2022,1,4,76,44,184.8,22.67,76.84,19,2,1,5491.74
12,NOROESTE,2022,1,4,201,125,184.8,22.67,76.84,77,2,0,6310.17
13,NORTE,2022,1,4,130,47,184.8,22.67,76.84,28,3,1,3176.84
14,PARTENON,2022,1,4,386,153,184.8,22.67,76.84,145,8,0,8162.18
15,RESTINGA,2022,1,4,56,84,184.8,22.67,76.84,18,0,0,1574.92
16,SUL,2022,1,4,221,148,184.8,22.67,76.84,85,2,1,2802.29
0,CENTRO,2022,1,5,161,160,116.2,19.8,79.07,345,125,5,10646.12
1,CENTRO SUL,2022,1,5,82,146,116.2,19.8,79.07,248,164,3,3847.64
2,CRISTAL,2022,1,5,46,134,116.2,19.8,79.07,96,26,0,7056.38
3,CRUZEIRO,2022,1,5,24,85,116.2,19.8,79.07,72,32,2,9590.62
4,EIXO BALTAZAR,2022,1,5,94,150,116.2,19.8,79.07,145,34,2,8375.15
5,EXTREMO SUL,2022,1,5,20,49,116.2,19.8,79.07,42,14,0,300.6
6,GLORIA,2022,1,5,42,114,116.2,19.8,79.07,118,56,0,2324.68
7,HUMAITA NAVEGANTES,2022,1,5,32,78,116.2,19.8,79.07,63,12,0,2891.4
8,ILHAS,2022,1,5,5,1,116.2,19.8,79.07,4,3,0,188.46
9,LESTE,2022,1,5,332,238,116.2,19.8,79.07,1200,725,17,7417.85
10,LOMBA DO PINHEIRO,2022,1,5,41,97,116.2,19.8,79.07,79,17,2,1230.31
11,NORDESTE,2022,1,5,45,83,116.2,19.8,79.07,76,19,2,5491.74
12,NOROESTE,2022,1,5,75,170,116.2,19.8,79.07,201,77,2,6310.17
13,NORTE,2022,1,5,82,128,116.2,19.8,79.07,130,28,3,3176.84
14,PARTENON,2022,1,5,125,137,116.2,19.8,79.07,386,145,8,8162.18
15,RESTINGA,2022,1,5,16,65,116.2,19.8,79.07,56,18,0,1574.92
16,SUL,2022,1,5,56,160,116.2,19.8,79.07,221,85,2,2802.29
0,CENTRO,2022,1,6,28,69,153.8,15.64,84.43,161,345,125,10646.12
1,CENTRO SUL,2022,1,6,26,25,153.8,15.64,84.43,82,248,164,3847.64
2,CRISTAL,2022,1,6,5,14,153.8,15.64,84.43,46,96,26,7056.38
3,CRUZEIRO,2022,1,6,8,1,153.8,15.64,84.43,24,72,32,9590.62
4,EIXO BALTAZAR,2022,1,6,12,57,153.8,15.64,84.43,94,145,34,8375.15
5,EXTREMO SUL,2022,1,6,9,5,153.8,15.64,84.43,20,42,14,300.6
6,GLORIA,2022,1,6,8,9,153.8,15.64,84.43,42,118,56,2324.68
7,HUMAITA NAVEGANTES,2022,1,6,4,2,153.8,15.64,84.43,32,63,12,2891.4
8,ILHAS,2022,1,6,1,1,153.8,15.64,84.43,5,4,3,188.46
9,LESTE,2022,1,6,55,79,153.8,15.64,84.43,332,1200,725,7417.85
10,LOMBA DO PINHEIRO,2022,1,6,7,8,153.8,15.64,84.43,41,79,17,1230.31
11,NORDESTE,2022,1,6,16,13,153.8,15.64,84.43,45,76,19,5491.74
12,NOROESTE,2022,1,6,22,28,153.8,15.64,84.43,75,201,77,6310.17
13,NORTE,2022,1,6,17,37,153.8,15.64,84.43,82,130,28,3176.84
14,PARTENON,2022,1,6,27,51,153.8,15.64,84.43,125,386,145,8162.18
15,RESTINGA,2022,1,6,8,5,153.8,15.64,84.43,16,56,18,1574.92
16,SUL,2022,1,6,18,8,153.8,15.64,84.43,56,221,85,2802.29
0,CENTRO,2022,1,7,12,9,99.0,13.1,83.77,28,161,345,10646.12
1,CENTRO SUL,2022,1,7,9,8,99.0,13.1,83.77,26,82,248,3847.64
2,CRISTAL,2022,1,7,5,3,99.0,13.1,83.77,5,46,96,7056.38
3,CRUZEIRO,2022,1,7,5,4,99.0,13.1,83.77,8,24,72,9590.62
4,EIXO BALTAZAR,2022,1,7,10,3,99.0,13.1,83.77,12,94,145,8375.15
5,EXTREMO SUL,2022,1,7,2,6,99.0,13.1,83.77,9,20,42,300.6
6,GLORIA,2022,1,7,9,6,99.0,13.1,83.77,8,42,118,2324.68
7,HUMAITA NAVEGANTES,2022,1,7,4,4,99.0,13.1,83.77,4,32,63,2891.4
8,ILHAS,2022,1,7,1,1,99.0,13.1,83.77,1,5,4,188.46
9,LESTE,2022,1,7,39,19,99.0,13.1,83.77,55,332,1200,7417.85
10,LOMBA DO PINHEIRO,2022,1,7,10,5,99.0,13.1,83.77,7,41,79,1230.31
11,NORDESTE,2022,1,7,12,4,99.0,13.1,83.77,16,45,76,5491.74
12,NOROESTE,2022,1,7,11,8,99.0,13.1,83.77,22,75,201,6310.17
13,NORTE,2022,1,7,16,6,99.0,13.1,83.77,17,82,130,3176.84
14,PARTENON,2022,1,7,44,2,99.0,13.1,83.77,27,125,386,8162.18
15,RESTINGA,2022,1,7,4,4,99.0,13.1,83.77,8,16,56,1574.92
16,SUL,2022,1,7,10,9,99.0,13.1,83.77,18,56,221,2802.29
0,CENTRO,2022,1,8,6,5,150.2,16.35,83.82,12,28,161,10646.12
1,CENTRO SUL,2022,1,8,6,5,150.2,16.35,83.82,9,26,82,3847.64
2,CRISTAL,2022,1,8,2,3,150.2,16.35,83.82,5,5,46,7056.38
3,CRUZEIRO,2022,1,8,4,2,150.2,16.35,83.82,5,8,24,9590.62
4,EIXO BALTAZAR,2022,1,8,0,7,150.2,16.35,83.82,10,12,94,8375.15
5,EXTREMO SUL,2022,1,8,0,2,150.2,16.35,83.82,2,9,20,300.6
6,GLORIA,2022,1,8,6,4,150.2,16.35,83.82,9,8,42,2324.68
7,HUMAITA NAVEGANTES,2022,1,8,3,2,150.2,16.35,83.82,4,4,32,2891.4
8,ILHAS,2022,1,8,0,0,150.2,16.35,83.82,1,1,5,188.46
9,LESTE,2022,1,8,9,13,150.2,16.35,83.82,39,55,332,7417.85
10,LOMBA DO PINHEIRO,2022,1,8,2,4,150.2,16.35,83.82,10,7,41,1230.31
11,NORDESTE,2022,1,8,1,6,150.2,16.35,83.82,12,16,45,5491.74
12,NOROESTE,2022,1,8,4,6,150.2,16.35,83.82,11,22,75,6310.17
13,NORTE,2022,1,8,2,10,150.2,16.35,83.82,16,17,82,3176.84
14,PARTENON,2022,1,8,7,11,150.2,16.35,83.82,44,27,125,8162.18
15,RESTINGA,2022,1,8,1,2,150.2,16.35,83.82,4,8,16,1574.92
16,SUL,2022,1,8,6,6,150.2,16.35,83.82,10,18,56,2802.29
0,CENTRO,2022,1,9,4,2,103.6,15.15,78.73,6,12,28,10646.12
1,CENTRO SUL,2022,1,9,2,2,103.6,15.15,78.73,6,9,26,3847.64
2,CRISTAL,2022,1,9,0,1,103.6,15.15,78.73,2,5,5,7056.38
3,CRUZEIRO,2022,1,9,3,2,103.6,15.15,78.73,4,5,8,9590.62
4,EIXO BALTAZAR,2022,1,9,0,2,103.6,15.15,78.73,0,10,12,8375.15
5,EXTREMO SUL,2022,1,9,1,0,103.6,15.15,78.73,0,2,9,300.6
6,GLORIA,2022,1,9,4,2,103.6,15.15,78.73,6,9,8,2324.68
7,HUMAITA NAVEGANTES,2022,1,9,1,0,103.6,15.15,78.73,3,4,4,2891.4
8,ILHAS,2022,1,9,1,0,103.6,15.15,78.73,0,1,1,188.46
9,LESTE,2022,1,9,6,4,103.6,15.15,78.73,9,39,55,7417.85
10,LOMBA DO PINHEIRO,2022,1,9,0,1,103.6,15.15,78.73,2,10,7,1230.31
11,NORDESTE,2022,1,9,0,2,103.6,15.15,78.73,1,12,16,5491.74
12,NOROESTE,2022,1,9,1,2,103.6,15.15,78.73,4,11,22,6310.17
13,NORTE,2022,1,9,3,3,103.6,15.15,78.73,2,16,17,3176.84
14,PARTENON,2022,1,9,1,4,103.6,15.15,78.73,7,44,27,8162.18
15,RESTINGA,2022,1,9,0,1,103.6,15.15,78.73,1,4,8,1574.92
16,SUL,2022,1,9,4,3,103.6,15.15,78.73,6,10,18,2802.29
0,CENTRO,2022,1,10,5,3,73.2,16.52,75.62,4,6,12,10646.12
1,CENTRO SUL,2022,1,10,2,2,73.2,16.52,75.62,2,6,9,3847.64
2,CRISTAL,2022,1,10,0,1,73.2,16.52,75.62,0,2,5,7056.38
3,CRUZEIRO,2022,1,10,1,2,73.2,16.52,75.62,3,4,5,9590.62
4,EIXO BALTAZAR,2022,1,10,2,2,73.2,16.52,75.62,0,0,10,8375.15
5,EXTREMO SUL,2022,1,10,2,0,73.2,16.52,75.62,1,0,2,300.6
6,GLORIA,2022,1,10,1,1,73.2,16.52,75.62,4,6,9,2324.68
7,HUMAITA NAVEGANTES,2022,1,10,0,1,73.2,16.52,75.62,1,3,4,2891.4
8,ILHAS,2022,1,10,0,0,73.2,16.52,75.62,1,0,1,188.46
9,LESTE,2022,1,10,3,4,73.2,16.52,75.62,6,9,39,7417.85
10,LOMBA DO PINHEIRO,2022,1,10,1,1,73.2,16.52,75.62,0,2,10,1230.31
11,NORDESTE,2022,1,10,0,2,73.2,16.52,75.62,0,1,12,5491.74
12,NOROESTE,2022,1,10,3,2,73.2,16.52,75.62,1,4,11,6310.17
13,NORTE,2022,1,10,1,2,73.2,16.52,75.62,3,2,16,3176.84
14,PARTENON,2022,1,10,3,3,73.2,16.52,75.62,1,7,44,8162.18
15,RESTINGA,2022,1,10,2,1,73.2,16.52,75.62,0,1,4,1574.92
16,SUL,2022,1,10,5,1,73.2,16.52,75.62,4,6,10,2802.29
0,CENTRO,2022,1,11,4,4,96.2,19.02,75.58,5,4,6,10646.12
1,CENTRO SUL,2022,1,11,6,1,96.2,19.02,75.58,2,2,6,3847.64
2,CRISTAL,2022,1,11,1,1,96.2,19.02,75.58,0,0,2,7056.38
3,CRUZEIRO,2022,1,11,0,1,96.2,19.02,75.58,1,3,4,9590.62
4,EIXO BALTAZAR,2022,1,11,2,2,96.2,19.02,75.58,2,0,0,8375.15
5,EXTREMO SUL,2022,1,11,6,1,96.2,19.02,75.58,2,1,0,300.6
6,GLORIA,2022,1,11,4,1,96.2,19.02,75.58,1,4,6,2324.68
7,HUMAITA NAVEGANTES,2022,1,11,2,0,96.2,19.02,75.58,0,1,3,2891.4
8,ILHAS,2022,1,11,0,0,96.2,19.02,75.58,0,1,0,188.46
9,LESTE,2022,1,11,5,3,96.2,19.02,75.58,3,6,9,7417.85
10,LOMBA DO PINHEIRO,2022,1,11,5,1,96.2,19.02,75.58,1,0,2,1230.31
11,NORDESTE,2022,1,11,3,1,96.2,19.02,75.58,0,0,1,5491.74
12,NOROESTE,2022,1,11,3,3,96.2,19.02,75.58,3,1,4,6310.17
13,NORTE,2022,1,11,4,2,96.2,19.02,75.58,1,3,2,3176.84
14,PARTENON,2022,1,11,8,3,96.2,19.02,75.58,3,1,7,8162.18
15,RESTINGA,2022,1,11,0,0,96.2,19.02,75.58,2,0,1,1574.92
16,SUL,2022,1,11,4,3,96.2,19.02,75.58,5,4,6,2802.29
0,CENTRO,2022,1,12,12,0,52.2,20.99,70.63,4,5,4,10646.12
1,CENTRO SUL,2022,1,12,2,0,52.2,20.99,70.63,6,2,2,3847.64
2,CRISTAL,2022,1,12,2,0,52.2,20.99,70.63,1,0,0,7056.38
3,CRUZEIRO,2022,1,12,2,0,52.2,20.99,70.63,0,1,3,9590.62
4,EIXO BALTAZAR,2022,1,12,3,1,52.2,20.99,70.63,2,2,0,8375.15
5,EXTREMO SUL,2022,1,12,4,0,52.2,20.99,70.63,6,2,1,300.6
6,GLORIA,2022,1,12,2,0,52.2,20.99,70.63,4,1,4,2324.68
7,HUMAITA NAVEGANTES,2022,1,12,3,0,52.2,20.99,70.63,2,0,1,2891.4
8,ILHAS,2022,1,12,0,0,52.2,20.99,70.63,0,0,1,188.46
9,LESTE,2022,1,12,6,1,52.2,20.99,70.63,5,3,6,7417.85
10,LOMBA DO PINHEIRO,2022,1,12,1,0,52.2,20.99,70.63,5,1,0,1230.31
11,NORDESTE,2022,1,12,0,3,52.2,20.99,70.63,3,0,0,5491.74
12,NOROESTE,2022,1,12,1,0,52.2,20.99,70.63,3,3,1,6310.17
13,NORTE,2022,1,12,5,0,52.2,20.99,70.63,4,1,3,3176.84
14,PARTENON,2022,1,12,3,4,52.2,20.99,70.63,8,3,1,8162.18
15,RESTINGA,2022,1,12,1,1,52.2,20.99,70.63,0,2,0,1574.92
16,SUL,2022,1,12,4,0,52.2,20.99,70.63,4,5,4,2802.29
